Person_Id;Election_Id;Bundesland_Id;Position
2;2;11;53
4;2;7;14
5;2;3;2
6;2;9;20
7;2;5;2
8;2;9;23
9;2;5;9
10;1;15;2
10;2;15;2
11;2;6;1
12;2;2;8
16;2;15;6
18;2;2;3
22;2;9;22
23;2;9;43
25;2;2;1
26;2;2;7
27;2;6;6
29;2;3;5
30;2;16;4
31;2;5;4
32;1;5;43
33;2;9;12
34;2;5;12
35;2;6;18
36;2;9;30
37;2;8;11
40;1;4;1
40;2;4;1
41;2;8;5
42;2;7;4
43;2;8;19
44;2;10;8
45;2;2;2
46;1;10;1
46;2;10;1
47;2;9;35
48;1;6;13
48;2;6;29
49;2;9;15
50;2;7;20
51;2;9;7
52;1;10;2
52;2;10;5
53;2;1;1
54;2;12;3
55;1;8;1
55;2;8;1
56;2;13;2
57;2;9;26
58;2;9;5
59;2;7;12
60;2;2;4
61;2;9;21
62;1;10;9
62;2;10;9
63;2;8;5
64;1;8;7
65;2;6;6
66;2;14;1
67;1;12;8
68;2;3;32
69;2;13;7
70;2;6;1
71;2;7;17
72;1;7;1
74;2;7;8
75;2;9;20
76;1;5;10
76;2;5;6
77;2;9;12
78;2;5;21
79;1;8;10
79;2;8;5
81;2;2;5
82;2;10;6
83;1;1;4
83;2;1;5
84;2;1;8
85;2;6;16
86;2;5;21
88;1;9;31
88;2;9;34
89;2;11;10
91;2;5;3
92;1;10;1
92;2;10;4
93;2;9;30
94;2;5;36
96;2;5;10
98;2;6;15
100;2;14;5
101;1;7;2
101;2;7;3
102;2;9;24
103;2;9;32
104;2;16;9
105;2;9;34
106;1;6;36
106;2;6;46
107;2;11;8
108;2;2;2
109;2;3;53
110;1;9;15
110;2;9;13
111;2;8;2
112;2;12;5
113;2;5;36
114;2;8;16
115;1;9;7
115;2;9;6
116;1;9;12
116;2;9;14
117;2;12;1
119;2;3;15
120;2;5;19
121;2;7;3
122;1;8;7
122;2;8;11
123;2;16;6
125;1;5;8
125;2;5;2
126;2;9;16
127;2;5;5
129;2;8;8
130;2;2;3
131;1;2;1
131;2;2;2
132;2;2;3
133;1;7;17
133;2;7;24
134;2;5;2
136;2;8;25
137;2;2;10
138;2;13;7
140;1;9;18
141;2;9;41
142;2;11;1
143;2;5;11
144;1;3;11
144;2;3;19
147;2;5;8
148;2;9;11
149;2;9;46
150;2;7;7
151;1;7;3
151;2;7;5
152;2;9;13
153;2;1;7
154;1;13;4
154;2;13;4
155;1;4;7
155;2;4;5
156;1;8;30
156;2;8;44
157;1;9;5
157;2;9;5
159;1;7;3
159;2;7;3
161;2;9;45
162;2;6;7
163;2;13;1
164;2;8;13
166;2;9;39
167;2;6;16
168;2;8;37
169;1;5;35
169;2;5;30
170;2;7;4
171;2;3;2
172;2;13;3
173;2;11;4
174;2;1;15
175;2;15;3
176;2;9;36
177;2;8;36
178;2;11;3
179;1;8;8
179;2;8;4
180;2;6;8
181;2;9;7
182;2;11;2
183;2;4;3
184;2;9;10
187;2;9;35
190;2;6;15
191;2;6;11
192;2;11;11
195;1;8;21
195;2;8;21
196;2;8;4
197;2;14;4
198;2;8;14
199;2;2;5
201;1;9;55
201;2;9;68
202;2;7;23
203;2;7;21
204;2;5;35
205;1;4;1
205;2;4;1
206;1;7;16
206;2;7;24
207;1;5;2
207;2;5;2
209;1;7;31
209;2;7;31
211;1;5;33
212;2;9;7
213;2;6;17
214;2;2;2
215;2;5;17
216;2;7;9
217;2;5;15
218;1;13;4
218;2;13;4
219;2;6;10
221;1;4;1
221;2;4;3
222;2;3;25
224;2;3;21
225;2;3;8
226;2;5;6
227;2;2;1
228;2;11;3
229;2;8;38
230;1;3;6
230;2;3;4
231;1;15;8
231;2;15;4
234;1;12;1
234;2;12;1
235;2;16;5
236;2;8;24
237;2;5;15
238;2;10;3
239;1;14;7
239;2;14;7
240;2;13;9
242;1;8;7
242;2;8;11
243;2;8;39
244;2;5;29
246;2;5;1
247;2;2;15
248;2;8;52
249;2;5;11
250;2;8;17
252;2;5;31
253;1;8;1
254;2;6;5
255;2;7;39
256;2;5;33
257;2;4;7
258;1;7;29
258;2;7;34
261;2;11;5
262;2;8;9
263;2;6;13
264;1;9;52
264;2;8;28
265;2;1;9
266;2;3;21
267;2;8;24
268;2;8;16
269;2;15;2
271;2;11;5
272;2;3;17
273;2;6;1
274;2;7;16
275;2;3;7
277;2;5;3
278;1;6;10
278;2;6;11
279;1;3;7
279;2;3;4
280;2;6;9
281;2;7;4
283;1;3;49
284;2;11;45
285;2;16;5
286;2;9;13
289;2;5;35
292;2;1;10
294;2;9;42
295;2;3;9
296;1;5;53
296;2;5;51
298;2;8;7
299;2;8;25
301;2;3;15
302;2;8;19
303;2;2;4
304;2;7;6
305;2;12;12
306;2;7;37
307;1;9;48
307;2;9;45
309;2;9;5
310;1;8;3
310;2;8;3
311;2;16;12
312;2;9;8
313;2;7;15
314;1;8;14
314;2;8;7
315;2;9;9
318;2;8;9
319;2;11;38
320;1;5;10
320;2;5;2
321;2;7;33
322;2;3;60
324;2;15;2
325;2;5;34
326;2;5;14
328;2;9;3
329;2;9;5
332;2;9;37
333;1;7;4
333;2;7;2
334;2;5;18
335;2;5;29
336;2;9;2
337;2;9;20
339;2;14;15
340;1;13;3
340;2;13;2
342;1;1;3
342;2;1;3
343;1;16;6
343;2;16;7
345;2;8;1
346;2;9;2
347;2;12;6
348;2;13;4
349;2;7;26
354;2;2;2
355;2;5;13
356;2;13;4
357;2;9;26
358;2;16;3
359;2;14;10
361;1;7;2
361;2;7;1
362;2;13;3
363;2;1;17
364;1;3;9
365;2;3;7
367;2;11;4
368;2;15;6
370;2;2;8
372;2;16;6
373;2;5;7
374;2;14;3
375;2;7;20
378;2;15;2
379;2;3;5
380;2;15;1
381;1;8;11
381;2;8;26
382;2;14;4
384;2;9;20
386;2;3;1
388;2;9;6
390;2;5;18
392;2;16;7
393;2;3;11
394;2;16;6
395;2;5;5
396;1;5;24
396;2;1;5
397;2;8;25
399;1;14;10
400;2;3;2
402;1;5;7
402;2;5;7
404;2;8;1
405;2;8;47
407;2;16;7
409;2;5;9
410;2;5;6
412;2;7;12
414;1;3;6
415;1;1;11
415;2;1;9
416;2;14;20
417;1;14;6
417;2;14;6
418;2;16;8
419;2;6;6
420;2;9;32
421;1;6;18
421;2;6;16
422;2;8;11
423;2;6;36
424;2;14;5
425;2;15;7
426;2;9;36
428;1;8;4
428;2;8;5
430;1;5;29
430;2;5;23
431;2;10;18
432;2;5;23
434;2;8;9
435;1;5;5
435;2;5;3
436;2;14;7
438;1;8;18
438;2;8;17
439;2;15;11
440;2;5;13
441;2;14;15
443;1;6;10
443;2;6;7
444;2;9;9
448;2;11;44
449;2;5;53
452;1;15;6
452;2;15;1
453;1;9;13
453;2;9;11
454;2;15;4
455;2;5;38
457;2;8;7
460;2;14;13
462;2;11;52
463;2;13;4
464;1;5;45
464;2;5;41
465;2;16;12
466;2;7;26
468;2;5;11
469;2;9;8
470;2;9;17
472;2;1;12
473;2;3;55
474;1;14;8
474;2;14;7
476;2;11;4
477;2;12;5
478;2;5;3
479;2;5;11
480;2;12;3
481;1;7;1
481;2;7;2
482;2;9;9
483;2;5;14
484;2;7;3
485;2;8;5
486;1;8;35
486;2;8;41
487;1;3;4
487;2;3;3
488;2;3;37
489;1;9;41
489;2;9;21
490;2;9;46
491;2;9;41
492;2;6;11
493;1;5;16
493;2;5;12
494;2;9;23
495;2;11;14
497;1;6;3
497;2;6;3
498;1;6;18
498;2;6;18
499;2;11;12
500;2;1;2
501;1;11;2
501;2;11;4
502;1;11;3
503;2;7;2
504;2;8;5
505;2;4;3
507;1;5;12
509;2;5;33
510;2;8;18
511;2;8;18
514;2;2;4
515;2;7;4
516;1;5;55
516;2;5;38
520;2;4;1
521;2;14;11
522;2;8;3
523;2;4;4
527;2;11;4
528;2;4;5
529;1;5;8
529;2;5;6
530;1;8;12
530;2;8;7
531;1;9;2
531;2;9;2
532;2;4;2
533;1;3;2
533;2;3;26
534;2;12;3
535;2;10;9
536;2;13;5
537;2;13;8
538;2;8;28
539;1;9;53
539;2;9;48
540;2;5;3
541;2;9;3
542;2;7;6
543;2;1;6
545;2;5;4
547;1;5;20
547;2;5;8
548;2;11;40
549;2;8;15
550;2;11;36
551;2;11;9
552;2;9;17
553;1;5;20
553;2;5;17
554;2;1;6
555;2;8;33
556;2;11;5
557;1;2;2
560;1;2;5
560;2;2;6
561;1;8;22
561;2;8;13
562;2;5;2
564;2;7;27
565;2;9;6
567;2;7;2
568;1;11;1
568;2;11;3
569;2;11;1
570;2;7;22
571;2;11;7
573;2;8;21
576;2;9;40
577;2;13;1
578;1;15;4
578;2;15;4
579;1;1;14
579;2;1;15
581;2;8;9
582;2;2;3
583;1;3;12
583;2;3;8
584;2;8;6
585;2;11;7
586;1;5;6
586;2;5;6
587;2;7;5
588;2;5;35
589;1;3;7
589;2;3;7
590;1;5;1
590;2;5;1
591;1;5;12
591;2;5;4
592;1;9;15
592;2;9;12
595;1;5;7
595;2;5;5
596;2;8;1
598;2;5;45
599;2;5;44
600;2;5;19
601;2;5;14
602;1;5;18
602;2;5;17
603;2;11;17
605;2;2;3
607;2;5;18
608;2;7;20
609;2;3;37
610;2;9;44
612;2;13;9
613;2;2;11
614;1;5;15
615;2;16;5
616;2;5;21
617;2;8;22
618;2;3;11
619;2;5;42
620;2;7;5
621;2;16;7
622;2;5;28
623;2;9;26
625;1;3;34
625;2;3;35
627;2;3;1
629;2;14;6
630;2;8;37
633;1;9;5
633;2;9;3
634;2;8;4
635;2;9;45
636;2;1;12
637;2;9;7
638;2;7;33
640;2;9;31
641;1;1;14
641;2;1;13
642;2;9;38
643;2;13;5
644;2;3;54
645;1;8;2
645;2;8;1
646;1;3;3
646;2;3;3
648;1;14;4
648;2;14;4
651;2;15;3
652;2;10;14
653;2;2;7
654;2;8;11
655;2;6;12
657;2;11;37
660;2;9;7
661;2;7;23
664;1;8;6
665;1;15;7
665;2;15;9
666;2;6;24
667;2;5;1
668;1;10;6
668;2;10;7
669;2;9;17
670;2;1;3
671;2;8;1
674;2;9;5
675;2;9;12
676;2;11;21
678;1;5;13
678;2;5;7
679;1;9;5
679;2;9;4
680;2;5;21
681;2;2;11
682;2;11;5
683;2;5;5
684;2;11;42
686;2;6;10
687;1;3;5
687;2;3;2
688;1;16;9
688;2;16;13
689;1;16;13
689;2;16;18
690;2;2;6
691;1;5;54
691;2;5;61
692;2;9;26
693;1;5;5
693;2;5;5
696;2;5;9
697;1;5;9
697;2;5;9
699;2;4;2
700;2;15;4
701;2;5;17
702;2;11;27
703;2;13;2
704;2;12;2
708;2;3;6
710;2;11;6
711;2;16;9
712;2;9;2
713;2;15;5
715;2;9;15
716;2;5;25
717;2;9;5
720;2;8;10
721;2;16;3
722;1;8;1
722;2;8;1
723;2;6;3
724;2;6;8
726;2;4;1
727;2;9;6
728;2;12;4
729;2;9;34
730;1;8;11
730;2;8;8
731;2;5;9
732;2;11;48
733;2;7;24
734;1;5;2
734;2;11;8
735;2;8;16
736;2;2;6
737;2;9;45
738;1;9;26
738;2;9;26
739;1;9;8
739;2;9;5
740;1;9;1
740;2;9;1
741;2;11;10
743;1;5;26
743;2;1;4
744;1;2;3
744;2;2;2
745;2;8;26
747;2;3;3
748;1;1;5
748;2;1;7
749;2;9;41
750;2;15;5
751;2;9;3
752;1;8;12
752;2;8;8
753;2;8;3
755;2;5;16
757;1;5;30
757;2;5;47
758;1;9;47
758;2;9;50
759;2;9;13
760;2;9;44
761;1;6;22
761;2;6;42
762;2;1;2
763;2;9;21
765;1;3;15
765;2;3;17
766;2;8;12
770;1;2;3
770;2;2;2
771;2;6;8
772;1;9;10
772;2;9;14
773;1;5;23
773;2;5;12
774;2;9;10
776;2;1;10
777;1;5;53
777;2;5;50
778;2;7;19
779;2;7;17
780;2;9;4
781;2;10;4
782;2;7;5
783;2;5;5
784;1;5;32
784;2;5;30
785;2;5;47
786;2;16;1
787;2;16;3
788;1;3;1
788;2;3;1
789;2;4;5
790;2;5;6
791;2;7;5
792;2;9;12
793;2;7;26
794;2;12;2
795;1;10;7
795;2;10;8
796;2;5;4
797;2;6;8
798;2;1;5
799;2;16;14
802;2;16;4
803;2;9;28
804;2;4;3
805;2;9;16
806;2;11;2
807;2;9;3
809;2;7;11
810;1;5;2
810;2;5;1
812;2;10;8
813;2;2;4
814;1;5;34
814;2;5;18
815;1;9;1
815;2;9;2
816;2;9;31
818;2;16;3
819;1;9;14
819;2;9;7
821;2;9;39
822;2;11;22
823;2;8;21
824;2;4;6
825;1;8;2
825;2;8;1
828;2;9;19
829;1;9;1
829;2;9;1
830;2;7;28
831;1;9;4
831;2;9;10
832;2;6;1
833;2;9;29
835;2;9;31
836;2;9;25
837;1;8;28
837;2;8;18
838;2;5;20
839;2;3;46
841;2;14;10
843;1;3;4
843;2;3;18
845;1;9;8
845;2;9;10
846;2;6;44
847;1;9;32
847;2;9;37
848;1;9;6
848;2;9;5
851;2;5;41
852;2;8;26
853;2;5;3
854;2;5;8
856;2;6;27
857;2;2;5
860;2;3;14
861;1;8;24
861;2;8;19
862;1;2;3
862;2;2;3
863;2;1;3
864;2;14;8
865;1;6;19
865;2;6;27
866;2;7;13
867;2;12;6
868;2;4;4
869;2;8;5
870;2;14;9
871;2;3;19
872;1;11;8
872;2;11;6
873;2;13;6
874;1;3;27
874;2;3;22
875;1;9;2
875;2;9;12
876;1;14;3
876;2;5;5
877;2;5;22
878;2;15;15
879;2;9;11
880;2;8;6
881;1;3;8
881;2;3;3
882;2;5;43
883;1;10;1
883;2;10;1
884;2;16;5
885;2;16;2
887;2;8;8
888;2;13;7
889;2;16;7
891;1;8;16
891;2;8;13
892;1;6;7
892;2;6;2
893;2;11;7
894;1;10;1
894;2;10;1
895;2;3;14
896;2;6;33
897;2;5;3
898;2;9;35
901;2;8;19
902;1;2;1
902;2;2;4
903;2;5;6
904;2;5;29
906;2;9;21
907;1;5;9
907;2;5;2
908;2;6;13
909;2;9;12
910;2;5;10
911;1;9;35
911;2;9;40
912;2;12;8
915;2;14;10
916;2;3;4
917;2;2;13
918;1;5;1
918;2;5;1
919;2;3;4
920;2;9;22
921;2;5;29
923;2;5;2
924;2;5;14
925;2;11;7
926;2;5;2
927;2;9;13
928;2;7;5
929;1;5;34
929;2;5;29
930;2;2;8
931;2;6;12
933;2;3;3
934;2;16;17
936;2;6;4
938;2;6;9
939;2;8;6
941;1;8;1
941;2;8;2
942;1;9;14
942;2;9;4
944;2;9;29
945;2;5;35
946;2;2;7
947;2;2;5
948;2;8;7
949;2;15;6
950;2;6;17
952;2;2;12
953;2;9;3
954;1;10;1
954;2;10;2
955;1;10;13
955;2;10;14
956;2;11;16
957;2;3;23
958;2;7;6
960;2;9;6
961;2;8;34
963;2;12;3
965;2;13;6
966;2;7;3
967;2;4;6
968;1;5;7
968;2;5;20
970;2;8;39
971;2;5;6
973;2;9;39
974;2;5;38
976;1;9;28
976;2;9;38
977;1;11;6
977;2;11;7
979;2;7;12
980;2;7;2
983;1;5;7
983;2;5;4
984;2;15;3
986;1;10;2
986;2;10;2
988;1;3;16
988;2;3;13
989;1;9;14
989;2;9;2
990;2;7;7
993;2;16;13
994;1;13;9
994;2;13;9
997;2;9;16
998;2;5;37
999;1;9;7
999;2;9;5
1002;1;9;42
1002;2;9;57
1004;2;8;14
1005;2;8;11
1007;2;11;9
1008;2;14;9
1009;2;10;3
1010;2;5;18
1011;1;7;8
1011;2;7;5
1012;2;9;26
1014;1;15;5
1014;2;15;5
1015;2;5;13
1016;2;1;8
1017;2;16;8
1021;2;13;2
1022;2;9;34
1023;1;10;4
1023;2;10;4
1025;2;15;3
1027;2;1;23
1028;2;13;4
1029;2;6;24
1030;1;3;24
1030;2;3;1
1031;2;5;28
1032;2;13;3
1034;1;1;9
1034;2;1;7
1036;1;5;1
1036;2;5;2
1037;2;6;3
1038;2;9;1
1039;2;16;4
1041;2;9;37
1042;2;5;1
1043;2;6;15
1044;2;6;2
1045;1;14;9
1045;2;14;6
1046;2;2;5
1047;1;9;8
1047;2;9;8
1048;2;3;14
1050;2;5;36
1051;2;5;8
1052;2;9;1
1053;2;16;2
1055;2;8;10
1057;2;5;9
1058;2;9;33
1059;2;12;1
1060;2;8;30
1062;2;3;4
1065;2;8;24
1066;2;13;8
1067;2;8;8
1068;1;7;11
1068;2;7;8
1069;2;9;3
1070;2;5;12
1071;1;6;2
1071;2;6;2
1072;1;5;10
1072;2;5;10
1073;2;1;9
1075;2;8;28
1076;2;9;15
1077;2;8;2
1078;2;7;23
1080;2;9;62
1081;2;9;10
1082;2;8;3
1083;2;15;7
1085;1;4;2
1085;2;4;2
1086;2;2;14
1087;2;14;1
1088;1;5;51
1088;2;5;45
1090;2;15;8
1091;2;9;22
1092;2;6;30
1093;1;8;12
1093;2;8;9
1094;2;7;23
1096;2;3;11
1097;2;6;15
1098;2;6;39
1100;2;2;4
1101;1;5;18
1102;1;3;1
1102;2;3;1
1103;1;5;24
1103;2;5;22
1104;2;5;23
1105;2;10;6
1106;2;5;25
1108;1;7;37
1108;2;7;18
1109;2;6;3
1110;2;8;13
1111;1;16;2
1111;2;16;2
1114;2;13;7
1115;2;7;11
1117;1;9;5
1117;2;9;2
1118;2;8;21
1119;2;8;6
1120;2;8;4
1121;2;7;10
1123;2;8;12
1124;2;8;22
1125;2;8;13
1126;2;14;4
1130;2;3;5
1131;2;16;1
1132;2;12;1
1133;2;9;2
1134;2;8;13
1135;1;4;1
1135;2;4;1
1136;2;15;1
1137;2;14;11
1138;2;5;50
1139;2;14;6
1140;2;9;5
1142;2;8;22
1143;2;9;1
1144;2;11;23
1145;2;5;59
1146;2;8;15
1147;1;9;5
1147;2;9;3
1149;1;3;3
1149;2;3;5
1150;2;11;3
1151;1;9;21
1151;2;9;27
1152;2;9;16
1153;1;8;15
1153;2;8;27
1154;2;12;1
1155;2;9;20
1156;2;8;9
1157;2;3;8
1158;2;16;9
1159;2;6;10
1160;2;2;2
1161;2;5;7
1162;2;8;2
1163;2;9;40
1164;2;2;3
1165;2;16;12
1166;2;9;15
1168;2;3;9
1169;2;3;51
1171;2;8;33
1172;1;8;14
1172;2;8;13
1174;2;11;7
1175;2;6;1
1176;1;2;5
1176;2;2;4
1177;2;9;10
1178;1;6;32
1178;2;6;38
1182;2;5;8
1183;2;5;5
1185;2;15;4
1186;2;8;21
1187;2;2;1
1188;1;5;14
1188;2;5;8
1189;2;13;2
1190;2;9;49
1191;1;3;16
1191;2;3;9
1192;2;7;15
1193;1;5;13
1193;2;5;4
1195;2;8;7
1196;2;9;31
1197;2;9;15
1199;2;14;5
1200;2;6;9
1201;1;6;28
1201;2;6;28
1203;1;3;14
1203;2;3;22
1204;1;5;47
1204;2;5;40
1205;2;14;4
1206;1;3;7
1206;2;3;2
1207;1;8;5
1207;2;8;8
1208;1;10;2
1208;2;10;2
1210;1;3;21
1210;2;3;11
1211;1;8;5
1211;2;8;5
1212;2;1;2
1214;2;9;28
1216;2;8;17
1218;1;14;7
1218;2;14;1
1219;2;9;6
1220;2;6;4
1221;2;14;14
1222;1;11;1
1222;2;11;1
1223;2;5;56
1224;1;16;1
1224;2;16;1
1226;2;3;20
1227;2;14;7
1230;2;15;5
1231;2;2;1
1232;1;9;5
1232;2;9;3
1233;2;7;34
1234;2;10;5
1235;2;3;52
1236;2;11;10
1238;2;8;35
1239;2;14;3
1240;2;1;2
1241;2;3;10
1243;2;2;3
1245;2;6;19
1246;2;14;5
1247;2;5;25
1249;2;1;2
1251;2;14;7
1252;1;11;1
1252;2;11;1
1254;2;8;11
1255;2;14;9
1256;2;5;23
1257;2;9;49
1259;2;5;12
1260;1;5;2
1260;2;5;2
1261;2;12;6
1262;2;15;9
1263;2;10;9
1264;2;6;23
1265;2;10;6
1266;1;13;1
1266;2;13;4
1268;2;5;9
1269;2;6;7
1270;2;8;55
1271;2;5;20
1273;2;2;6
1274;1;2;2
1274;2;2;3
1275;2;12;2
1277;2;5;10
1278;2;15;7
1279;1;8;2
1279;2;8;2
1282;2;13;5
1284;1;1;2
1284;2;1;2
1285;2;6;17
1287;2;6;23
1288;2;12;15
1289;1;11;2
1289;2;11;9
1290;2;9;20
1291;2;8;8
1292;2;14;2
1293;1;9;33
1293;2;9;23
1295;2;7;7
1296;2;13;3
1297;2;2;1
1298;2;3;31
1299;1;2;10
1299;2;2;8
1301;2;5;6
1302;2;5;11
1304;2;9;41
1305;2;11;54
1306;2;8;50
1307;2;7;9
1308;2;1;25
1310;2;8;9
1311;2;3;4
1313;2;5;27
1314;2;3;13
1315;2;16;20
1316;2;16;8
1317;2;5;10
1318;2;9;1
1319;2;6;21
1320;2;2;4
1321;2;9;6
1322;2;3;8
1323;2;5;42
1324;2;9;42
1326;2;6;1
1327;2;1;4
1330;2;8;2
1331;1;5;48
1331;2;5;39
1333;2;11;11
1334;2;14;1
1335;2;2;6
1337;1;6;1
1337;2;6;1
1338;2;6;9
1339;2;6;32
1340;2;4;5
1341;1;7;2
1341;2;7;4
1342;2;5;15
1343;1;3;37
1343;2;3;39
1344;1;9;2
1344;2;9;1
1345;2;9;29
1346;2;14;6
1347;2;5;10
1350;1;3;11
1352;2;9;53
1353;2;7;19
1354;1;9;2
1354;2;9;1
1355;1;5;3
1355;2;5;3
1356;2;6;4
1358;2;6;16
1359;2;10;4
1360;1;7;28
1360;2;7;18
1361;2;7;1
1362;1;5;46
1362;2;5;30
1364;2;8;15
1365;2;8;20
1366;2;16;9
1367;2;1;7
1369;2;1;2
1370;1;14;3
1370;2;14;2
1371;2;5;20
1372;2;8;11
1373;2;16;12
1374;2;14;4
1375;1;6;19
1375;2;6;12
1376;2;12;3
1377;2;5;28
1378;2;2;9
1379;2;15;1
1380;2;5;27
1381;2;5;40
1382;2;9;19
1383;2;9;40
1385;2;15;4
1386;2;3;43
1387;2;7;8
1388;2;6;35
1389;2;5;59
1392;2;12;5
1393;2;8;5
1394;1;6;15
1394;2;6;13
1395;2;9;25
1397;2;9;36
1398;2;6;25
1399;2;9;13
1400;2;11;24
1401;1;3;3
1401;2;3;5
1402;1;7;10
1402;2;7;7
1403;2;9;28
1405;2;9;21
1406;1;9;20
1406;2;9;13
1407;2;9;10
1409;2;15;3
1412;1;15;5
1412;2;15;5
1413;2;5;41
1414;2;3;4
1415;1;3;10
1415;2;3;12
1416;2;5;39
1417;1;11;6
1417;2;14;2
1418;1;6;41
1418;2;6;45
1419;1;10;15
1419;2;10;16
1420;2;16;11
1421;2;8;5
1423;2;9;22
1424;1;9;10
1424;2;9;10
1427;2;2;11
1430;2;6;38
1431;1;16;3
1431;2;16;2
1432;1;5;47
1432;2;5;55
1435;2;7;10
1436;2;13;3
1437;2;6;36
1438;2;1;11
1439;2;3;8
1440;2;16;8
1441;1;15;2
1441;2;15;6
1442;2;11;46
1443;1;3;45
1443;2;3;59
1444;2;5;23
1445;1;5;15
1445;2;5;13
1446;2;15;7
1449;2;6;34
1450;1;5;9
1450;2;5;2
1451;2;15;16
1452;2;3;7
1453;1;5;41
1453;2;5;32
1454;2;10;3
1456;2;5;24
1457;2;15;8
1458;1;9;13
1458;2;9;7
1460;2;7;25
1462;2;5;10
1463;2;8;18
1464;2;9;8
1466;2;6;2
1468;1;9;17
1468;2;9;14
1469;2;9;11
1470;2;6;32
1472;2;8;17
1473;2;6;30
1475;2;1;12
1476;2;5;13
1477;2;11;5
1478;2;15;3
1479;1;5;13
1479;2;5;17
1480;2;9;22
1481;1;5;42
1481;2;5;45
1482;2;10;20
1483;2;8;12
1484;2;10;2
1485;2;14;4
1486;1;7;4
1486;2;7;2
1488;1;16;4
1488;2;16;4
1489;1;2;9
1489;2;2;10
1491;2;5;3
1492;2;9;63
1493;2;8;20
1494;2;7;25
1497;2;5;4
1498;1;14;2
1498;2;14;3
1499;2;9;32
1500;1;11;8
1500;2;11;12
1501;2;6;6
1503;2;5;24
1504;2;7;1
1505;2;10;4
1507;2;1;16
1508;2;3;9
1509;2;1;4
1510;2;7;11
1513;2;9;3
1514;2;4;2
1515;2;7;3
1516;2;6;12
1517;1;5;4
1517;2;5;5
1518;2;8;16
1519;2;11;17
1520;1;5;32
1520;2;5;26
1521;2;6;1
1522;2;9;7
1523;1;16;4
1523;2;16;4
1524;2;5;55
1525;2;5;16
1526;1;7;32
1526;2;7;6
1527;2;11;3
1529;2;3;7
1530;1;5;9
1530;2;5;2
1531;2;9;35
1533;2;16;2
1534;2;15;12
1535;2;11;4
1537;1;7;5
1537;2;7;3
1538;2;7;5
1539;2;5;9
1540;2;11;1
1541;1;5;1
1541;2;5;1
1542;1;14;3
1542;2;14;9
1543;2;9;46
1544;2;4;2
1547;1;8;9
1547;2;8;17
1548;2;13;2
1549;2;9;4
1551;2;5;57
1555;2;9;27
1556;2;9;11
1557;2;11;2
1559;2;7;23
1560;2;7;1
1561;2;9;24
1563;2;5;52
1564;1;11;11
1564;2;11;20
1566;2;7;6
1567;2;9;19
1568;2;9;35
1569;2;7;17
1570;1;9;4
1570;2;9;2
1571;1;9;27
1571;2;9;28
1574;2;8;28
1575;2;9;17
1576;2;13;1
1578;2;11;35
1579;2;3;38
1580;2;10;1
1581;1;3;30
1582;2;8;14
1584;2;10;5
1587;1;8;1
1587;2;8;2
1588;2;9;4
1589;1;3;4
1589;2;3;8
1590;2;3;17
1591;2;13;11
1592;1;8;18
1592;2;8;15
1593;2;9;7
1594;2;16;7
1595;2;4;2
1596;2;6;14
1598;2;7;25
1599;2;9;22
1600;2;6;19
1601;1;9;9
1601;2;9;18
1602;2;8;26
1603;1;10;10
1603;2;10;11
1605;2;11;8
1606;1;10;2
1606;2;10;3
1607;2;15;8
1608;2;15;9
1609;2;9;9
1610;2;5;13
1611;1;9;22
1611;2;9;14
1612;2;5;19
1614;1;6;3
1615;2;9;9
1617;2;10;4
1619;2;12;2
1620;2;9;21
1621;2;8;26
1622;2;9;17
1623;2;5;51
1624;2;3;32
1625;1;5;6
1625;2;5;4
1626;2;10;3
1627;2;16;5
1628;2;2;7
1630;2;13;3
1631;2;14;13
1632;2;1;9
1633;1;11;5
1633;2;11;5
1634;1;11;3
1634;2;11;2
1636;2;5;26
1637;2;13;8
1639;2;3;34
1641;1;12;3
1641;2;12;4
1643;2;9;27
1644;1;3;21
1644;2;3;8
1646;2;16;6
1649;2;1;26
1650;2;14;6
1651;2;8;32
1654;2;5;3
1656;2;9;22
1657;2;8;4
1658;2;13;8
1659;1;6;5
1660;2;11;15
1661;2;7;17
1662;2;7;3
1663;2;15;6
1664;2;6;4
1665;2;9;4
1666;2;9;1
1667;2;5;23
1668;2;1;5
1670;2;5;28
1671;2;5;21
1672;2;7;20
1673;2;3;9
1674;2;8;7
1675;2;3;16
1676;2;5;34
1677;2;5;8
1678;2;9;15
1679;1;5;44
1679;2;5;35
1683;1;8;33
1683;2;8;37
1684;1;5;2
1684;2;5;3
1686;1;13;10
1686;2;13;10
1687;1;7;29
1687;2;7;14
1688;1;1;19
1688;2;1;13
1689;1;6;43
1689;2;6;29
1690;2;11;18
1691;2;13;6
1692;2;5;11
1693;1;1;6
1694;1;10;20
1694;2;10;21
1695;2;5;20
1696;1;7;5
1696;2;7;11
1697;1;1;4
1698;2;5;42
1701;2;14;9
1702;1;7;16
1702;2;7;7
1703;2;8;10
1704;2;8;10
1706;2;7;24
1707;2;10;2
1709;2;9;27
1710;1;8;14
1710;2;8;12
1712;2;6;18
1713;2;6;1
1714;2;8;34
1715;2;12;10
1717;1;7;14
1717;2;7;13
1718;2;7;9
1720;2;5;30
1722;2;13;2
1723;1;3;26
1723;2;3;11
1724;1;8;15
1724;2;8;11
1725;2;8;27
1726;2;14;1
1727;2;8;32
1728;2;14;14
1729;1;5;48
1729;2;5;42
1730;2;5;9
1732;1;5;25
1733;2;5;61
1734;1;14;2
1734;2;5;10
1736;2;5;44
1737;2;9;11
1738;1;5;4
1738;2;5;4
1740;2;9;11
1741;2;3;2
1742;1;9;2
1742;2;9;2
1743;2;1;3
1744;1;16;8
1744;2;16;15
1745;1;16;10
1745;2;16;11
1746;2;9;17
1747;2;6;45
1748;2;9;9
1751;2;10;1
1752;2;12;4
1753;2;10;5
1754;2;9;38
1755;2;5;1
1756;2;7;2
1757;2;3;3
1758;1;9;22
1758;2;9;27
1759;2;5;9
1760;2;3;16
1761;1;3;13
1761;2;3;15
1762;2;10;2
1763;2;11;6
1764;2;16;4
1765;1;5;8
1765;2;5;8
1766;2;5;16
1768;2;10;4
1769;2;8;1
1771;1;5;52
1771;2;5;20
1773;2;5;11
1774;1;8;29
1774;2;8;25
1775;2;5;11
1776;2;8;7
1777;2;5;37
1778;2;8;21
1779;2;14;3
1781;2;15;8
1783;2;5;27
1784;2;5;15
1785;1;5;6
1786;2;4;5
1787;2;4;1
1789;2;3;1
1790;2;1;6
1792;2;7;14
1793;2;9;22
1794;2;16;1
1795;2;13;3
1797;2;15;3
1798;2;7;3
1799;2;9;14
1800;2;9;47
1801;2;3;43
1802;2;10;3
1803;2;7;10
1804;2;7;19
1805;2;9;21
1806;2;1;18
1807;2;8;12
1808;1;5;10
1808;2;5;6
1810;1;8;3
1810;2;8;3
1811;2;8;16
1813;2;8;10
1814;2;16;1
1815;2;6;23
1816;2;3;9
1821;2;6;4
1823;2;11;29
1824;2;9;6
1825;2;5;56
1827;2;9;25
1828;2;3;25
1830;2;3;11
1831;2;11;51
1832;2;8;17
1833;2;8;23
1835;2;10;5
1837;2;15;4
1838;1;7;34
1838;2;7;25
1839;2;7;32
1840;2;5;40
1841;2;5;41
1842;2;8;25
1843;1;16;7
1843;2;16;5
1845;1;5;1
1845;2;5;1
1846;2;5;7
1847;2;2;3
1848;2;9;12
1849;1;14;12
1849;2;14;13
1850;2;9;20
1852;1;3;5
1852;2;3;1
1853;2;3;5
1854;1;8;19
1854;2;8;35
1856;2;9;7
1859;2;16;6
1861;2;14;11
1862;1;5;10
1862;2;5;3
1863;2;12;4
1865;1;8;10
1865;2;8;18
1866;2;7;28
1867;2;8;13
1868;2;4;2
1869;1;3;6
1869;2;3;4
1871;2;12;4
1872;2;5;33
1873;1;14;1
1873;2;14;1
1874;2;6;40
1875;2;8;22
1876;2;5;19
1877;2;8;23
1878;2;8;6
1879;2;9;32
1881;2;14;8
1883;1;5;13
1883;2;5;15
1884;2;9;50
1885;2;11;5
1886;1;1;10
1886;2;1;11
1887;2;8;9
1888;2;5;17
1891;2;5;51
1893;1;9;17
1893;2;9;32
1895;2;6;2
1897;2;2;2
1899;2;12;3
1900;2;3;2
1901;1;3;6
1902;2;2;10
1903;2;13;5
1904;2;16;11
1905;2;9;37
1907;2;7;6
1908;2;7;22
1909;2;7;6
1912;1;5;32
1912;2;5;27
1914;1;5;11
1914;2;5;11
1915;2;5;19
1916;1;9;10
1916;2;9;7
1917;2;9;17
1918;2;9;34
1921;2;9;38
1922;1;2;2
1922;2;2;5
1923;1;3;7
1923;2;3;9
1924;1;8;29
1924;2;8;18
1925;2;6;31
1926;2;7;10
1927;2;10;4
1928;2;3;1
1929;2;3;19
1932;2;6;11
1933;2;1;27
1934;2;16;8
1935;2;6;14
1937;2;13;5
1941;1;6;4
1943;2;3;6
1944;1;6;8
1944;2;6;8
1945;1;3;26
1945;2;3;13
1946;1;3;9
1948;1;5;29
1948;2;5;47
1950;1;12;11
1950;2;12;7
1951;2;8;15
1952;1;8;13
1952;2;8;7
1953;2;8;6
1954;2;8;10
1955;2;1;10
1956;1;15;6
1957;2;16;22
1958;2;7;22
1959;2;1;22
1961;2;10;13
1962;2;1;5
1963;1;5;7
1963;2;5;15
1965;2;8;23
1967;2;8;5
1970;2;16;2
1971;2;8;16
1972;2;2;6
1973;2;6;22
1974;2;8;1
1975;2;6;14
1976;2;11;12
1978;2;3;10
1979;1;10;3
1979;2;10;2
1980;2;7;19
1981;2;12;5
1982;1;6;4
1982;2;6;4
1983;1;11;4
1983;2;11;9
1984;1;12;4
1984;2;12;3
1985;2;14;5
1986;1;9;9
1986;2;9;6
1987;1;9;16
1987;2;9;8
1989;2;15;15
1990;2;14;16
1991;2;5;27
1992;2;10;1
1993;2;9;4
1994;1;7;5
1994;2;7;12
1997;2;5;33
1998;1;11;5
1998;2;11;12
1999;1;9;16
1999;2;9;8
2001;2;9;13
2002;2;5;20
2003;1;7;27
2003;2;7;20
2005;2;3;6
2006;1;12;3
2006;2;12;4
2007;1;6;3
2007;2;6;1
2008;2;8;8
2009;1;8;33
2009;2;8;46
2011;2;8;24
2012;1;14;4
2012;2;14;4
2013;1;14;4
2013;2;14;2
2014;2;5;6
2017;2;10;5
2018;2;7;18
2019;2;5;5
2020;2;6;22
2021;2;13;6
2022;2;7;6
2023;2;11;8
2024;2;8;14
2025;2;7;17
2026;1;6;3
2026;2;6;1
2027;2;8;27
2028;2;8;26
2029;1;15;2
2029;2;15;3
2031;1;15;2
2031;2;15;2
2032;2;9;12
2033;2;16;9
2034;2;6;18
2035;2;2;4
2036;2;2;9
2037;1;8;3
2037;2;8;3
2039;1;8;12
2039;2;8;17
2040;2;7;12
2042;2;12;2
2043;2;7;7
2046;1;8;3
2046;2;8;2
2047;2;14;17
2048;2;14;3
2049;2;3;45
2051;2;9;1
2052;1;9;12
2052;2;9;2
2053;2;9;4
2055;2;9;12
2056;1;5;4
2056;2;11;15
2057;2;6;8
2058;2;8;3
2059;2;5;17
2060;2;16;21
2061;1;13;7
2061;2;13;10
2062;2;1;22
2063;2;15;2
2065;2;9;48
2066;2;12;8
2069;2;9;8
2070;1;11;7
2070;2;11;21
2071;2;9;6
2072;2;14;6
2073;2;7;9
2074;1;3;5
2074;2;3;2
2075;2;5;2
2077;1;11;4
2077;2;11;3
2079;2;15;11
2081;2;15;6
2085;2;3;4
2086;2;5;9
2087;1;14;4
2088;2;1;19
2089;1;5;31
2089;2;5;24
2090;1;5;8
2090;2;5;6
2092;2;3;41
2093;1;8;36
2093;2;8;38
2094;1;9;16
2094;2;9;8
2096;2;9;12
2097;2;8;2
2098;2;5;2
2099;1;8;4
2099;2;8;3
2100;2;9;67
2101;2;5;38
2102;1;5;1
2102;2;5;1
2103;1;5;36
2103;2;5;21
2104;2;2;8
2105;2;12;3
2106;2;10;5
2107;1;12;6
2107;2;12;6
2109;2;5;31
2110;1;9;17
2110;2;9;13
2111;2;13;8
2112;2;14;3
2113;1;9;9
2113;2;9;11
2114;2;5;20
2115;2;2;1
2116;1;2;4
2116;2;2;2
2118;2;1;1
2119;2;9;30
2121;2;14;10
2122;2;5;11
2124;2;6;14
2125;2;8;6
2126;2;5;37
2127;1;14;2
2127;2;14;2
2128;1;5;19
2128;2;5;28
2129;2;3;22
2131;1;12;8
2131;2;12;8
2132;2;12;5
2133;2;11;1
2134;2;14;8
2135;2;5;17
2136;2;7;18
2137;2;13;5
2138;2;1;28
2139;1;5;26
2141;2;1;20
2142;1;15;3
2142;2;15;3
2143;1;5;8
2144;2;8;19
2145;2;6;20
2146;2;6;20
2147;2;14;9
2148;2;15;9
2149;2;6;32
2151;2;13;8
2152;2;12;13
2153;1;5;6
2153;2;5;8
2154;1;16;1
2154;2;16;1
2155;2;10;6
2157;2;16;8
2158;1;15;1
2158;2;15;1
2159;2;5;38
2160;2;5;43
2161;2;8;19
2162;1;3;27
2162;2;3;19
2163;1;6;3
2164;2;9;2
2165;2;15;6
2166;2;15;13
2167;1;14;8
2167;2;14;8
2168;2;11;10
2169;2;3;23
2170;2;9;13
2171;2;8;12
2172;2;5;32
2173;1;6;6
2173;2;6;2
2174;1;8;10
2174;2;8;8
2175;2;3;15
2176;1;5;1
2176;2;5;1
2177;2;4;4
2178;2;9;10
2179;1;14;5
2179;2;14;4
2180;2;5;5
2181;2;9;15
2182;2;14;12
2183;2;8;2
2184;1;9;15
2185;2;4;4
2186;2;13;7
2187;1;8;4
2187;2;8;3
2188;2;3;36
2189;1;4;1
2189;2;4;1
2190;2;6;27
2192;1;4;3
2192;2;4;3
2193;2;5;60
2194;2;6;37
2196;2;15;3
2197;2;7;21
2200;2;9;31
2201;1;7;11
2201;2;7;9
2202;2;7;5
2203;2;9;19
2204;2;6;19
2205;2;11;16
2206;1;16;2
2206;2;16;2
2207;2;9;32
2208;2;9;17
2209;2;5;62
2211;1;14;7
2211;2;14;5
2212;1;14;1
2212;2;14;1
2214;1;9;7
2214;2;9;6
2215;2;5;14
2216;1;11;6
2218;2;12;8
2221;2;13;1
2222;2;9;24
2223;2;10;10
2225;2;6;1
2226;2;11;47
2227;2;4;2
2228;2;6;14
2230;1;7;2
2230;2;7;8
2232;2;15;14
2233;2;1;20
2234;1;1;3
2234;2;1;1
2235;2;3;16
2236;2;15;1
2237;1;16;3
2237;2;16;3
2238;2;9;16
2239;2;11;8
2240;1;16;1
2240;2;16;2
2241;2;9;28
2242;2;1;17
2243;2;15;14
2244;2;11;8
2247;2;2;7
2248;2;13;5
2249;2;3;8
2250;1;5;22
2250;2;5;11
2252;2;9;29
2253;2;5;59
2254;2;9;4
2255;2;5;3
2256;1;14;6
2256;2;14;8
2257;1;9;1
2257;2;9;1
2258;2;9;9
2259;2;8;30
2260;2;6;3
2261;1;3;1
2261;2;3;1
2262;2;7;12
2263;2;14;4
2264;2;3;57
2265;1;9;24
2265;2;9;12
2267;2;11;7
2268;2;9;66
2269;1;11;4
2269;2;11;4
2270;1;1;7
2270;2;1;5
2271;2;9;16
2272;2;2;3
2273;2;5;5
2274;2;9;18
2275;1;12;6
2275;2;12;6
2276;2;11;2
2277;2;15;2
2278;2;15;7
2279;1;13;3
2279;2;13;3
2280;2;7;26
2281;1;11;3
2281;2;11;3
2282;2;12;2
2284;1;11;2
2284;2;11;2
2285;2;15;8
2286;2;6;14
2289;1;9;29
2289;2;9;20
2291;2;11;1
2292;1;7;6
2292;2;7;2
2293;2;5;7
2294;2;6;43
2295;2;5;10
2296;1;9;3
2296;2;9;1
2297;2;9;10
2298;1;8;9
2298;2;8;4
2300;2;9;5
2301;1;6;11
2301;2;6;11
2302;1;15;2
2302;2;15;1
2303;2;16;6
2304;2;6;17
2305;1;8;4
2307;1;1;9
2307;2;1;5
2308;2;12;5
2310;2;8;27
2312;2;13;2
2313;1;3;6
2313;2;3;2
2315;1;11;3
2315;2;11;3
2316;2;8;23
2317;2;13;2
2319;2;6;7
2320;2;11;9
2321;2;9;34
2322;2;9;59
2323;2;8;54
2324;2;5;43
2326;2;11;20
2327;2;7;32
2328;2;9;50
2329;2;3;28
2330;2;1;16
2332;1;3;25
2332;2;3;20
2333;2;1;5
2335;2;3;1
2336;2;16;12
2337;1;11;7
2337;2;11;5
2338;2;5;46
2339;2;11;30
2341;1;3;6
2341;2;3;10
2342;2;5;1
2343;2;9;15
2345;2;3;35
2347;2;8;26
2348;2;5;28
2349;2;15;4
2350;2;8;10
2351;1;3;8
2351;2;3;14
2354;2;15;4
2355;2;5;12
2356;2;9;4
2358;2;1;4
2359;2;5;8
2360;2;5;54
2361;2;5;12
2362;2;9;47
2365;2;5;16
2366;1;10;1
2366;2;10;1
2367;2;8;36
2368;1;10;2
2368;2;10;1
2369;2;9;17
2370;1;11;6
2370;2;11;6
2371;2;6;25
2372;2;2;3
2373;1;8;8
2373;2;8;9
2374;2;5;50
2377;2;7;16
2378;1;9;14
2378;2;9;8
2381;2;8;27
2382;2;14;12
2383;1;5;36
2383;2;5;38
2384;2;14;2
2385;1;16;2
2385;2;16;4
2386;2;16;19
2387;1;16;7
2387;2;16;1
2388;2;8;12
2389;1;8;5
2389;2;8;23
2390;1;9;5
2390;2;9;4
2391;2;9;16
2392;2;11;6
2393;2;8;15
2394;1;9;26
2394;2;9;43
2395;2;8;20
2396;2;6;3
2397;1;14;1
2397;2;14;1
2398;1;8;27
2398;2;8;27
2399;2;16;5
2400;2;6;19
2401;2;15;5
2402;1;1;9
2402;2;1;8
2403;2;1;1
2405;2;12;1
2406;2;3;31
2407;2;5;22
2408;2;4;2
2409;2;7;5
2410;1;7;22
2410;2;7;29
2411;2;12;9
2412;2;5;1
2413;2;7;6
2414;2;6;13
2415;2;1;2
2416;2;9;24
2417;1;5;16
2417;2;5;32
2418;2;3;2
2419;2;9;11
2420;2;6;2
2422;1;3;12
2422;2;3;6
2423;2;15;4
2424;2;9;11
2425;2;8;4
2426;2;5;10
2427;1;6;10
2427;2;6;5
2428;2;8;4
2429;2;8;25
2432;2;8;31
2433;1;12;5
2433;2;12;5
2434;2;2;6
2435;2;10;1
2436;2;5;11
2438;1;8;13
2438;2;8;2
2439;1;5;10
2439;2;5;16
2441;2;8;15
2442;2;11;9
2443;1;3;28
2443;2;3;18
2444;1;8;5
2444;2;8;4
2445;2;11;14
2446;2;6;8
2449;1;4;2
2449;2;4;2
2450;2;7;7
2451;2;6;6
2452;2;9;60
2453;2;4;4
2454;2;7;5
2456;2;5;8
2457;2;9;11
2458;2;8;12
2460;2;10;5
2461;2;8;29
2462;2;9;6
2463;2;9;48
2464;2;9;15
2466;2;9;18
2467;2;5;20
2468;2;7;5
2469;2;11;4
2470;2;11;18
2472;1;15;8
2472;2;14;6
2473;2;9;36
2474;2;11;41
2475;2;9;36
2476;2;9;51
2477;1;8;3
2477;2;8;3
2478;1;9;4
2478;2;9;2
2479;2;7;15
2480;1;8;7
2480;2;8;9
2481;2;6;26
2482;2;10;13
2483;1;9;26
2483;2;9;17
2484;1;5;14
2484;2;5;3
2485;2;10;7
2486;2;10;4
2487;2;14;5
2489;2;6;3
2490;1;5;12
2490;2;5;7
2492;1;3;12
2492;2;3;6
2493;2;12;7
2495;2;11;10
2496;2;3;41
2498;2;8;30
2499;2;4;3
2500;2;8;20
2502;2;3;15
2503;2;8;4
2504;2;7;21
2505;2;3;6
2507;2;11;9
2508;1;13;1
2508;2;13;1
2509;2;7;10
2510;2;9;39
2512;2;11;3
2513;2;8;3
2515;2;2;5
2517;2;8;29
2518;2;6;21
2520;2;14;2
2522;2;7;11
2523;2;11;4
2525;2;16;4
2526;2;12;6
2527;2;7;2
2528;2;5;39
2529;2;10;3
2530;1;6;2
2530;2;6;4
2531;2;14;12
2533;2;8;20
2534;2;9;38
2535;2;7;31
2536;1;6;25
2536;2;6;23
2538;1;1;19
2538;2;1;15
2539;2;8;2
2540;1;1;1
2540;2;1;1
2541;2;6;21
2542;2;9;54
2543;2;10;10
2544;2;2;7
2545;1;9;7
2545;2;9;6
2547;1;1;18
2547;2;1;19
2548;1;14;3
2548;2;14;3
2549;1;9;17
2549;2;9;14
2550;2;3;6
2551;2;9;12
2552;1;3;14
2552;2;3;6
2553;1;3;10
2553;2;3;11
2555;2;3;6
2556;2;7;8
2557;2;5;7
2559;2;8;30
2560;2;11;4
2561;1;9;24
2562;2;5;24
2564;2;8;9
2565;2;1;2
2566;2;9;13
2567;2;9;9
2568;2;11;1
2569;1;5;16
2569;2;5;14
2570;2;3;4
2571;2;5;30
2572;2;1;9
2573;2;12;10
2574;2;8;53
2575;2;5;3
2576;2;15;12
2577;2;1;1
2578;2;3;18
2579;2;1;17
2580;2;6;24
2581;2;1;2
2582;2;16;10
2583;2;2;5
2584;2;5;46
2585;2;8;28
2587;1;8;2
2587;2;8;4
2588;1;8;3
2588;2;8;3
2589;2;3;3
2590;2;5;11
2591;2;9;24
2592;1;13;4
2592;2;13;4
2593;1;9;6
2593;2;9;16
2595;2;16;5
2596;2;9;30
2597;2;10;15
2599;2;9;31
2601;1;9;10
2601;2;9;5
2602;1;5;49
2602;2;5;53
2603;2;7;21
2604;2;7;15
2605;2;7;19
2606;2;4;1
2607;2;9;32
2608;2;10;7
2609;2;6;31
2610;2;6;10
2611;1;5;8
2611;2;5;6
2612;2;8;37
2613;2;7;13
2614;2;8;22
2615;2;8;9
2616;1;14;1
2616;2;14;1
2619;2;7;16
2620;2;5;10
2621;1;6;14
2621;2;6;9
2622;1;6;10
2622;2;6;10
2623;1;16;7
2624;2;6;12
2626;1;3;20
2626;2;3;7
2627;2;13;3
2628;1;14;9
2628;2;14;7
2629;1;9;11
2629;2;9;10
2632;2;9;21
2633;2;11;10
2634;2;6;5
2635;1;7;2
2635;2;7;4
2636;2;12;1
2637;2;10;4
2638;2;7;14
2639;2;7;1
2641;2;10;7
2642;2;9;8
2644;2;13;4
2645;2;10;11
2646;2;12;6
2647;2;16;6
2648;1;5;14
2648;2;5;33
2649;2;9;41
2650;2;10;5
2652;2;8;5
2653;1;9;9
2653;2;9;11
2654;1;9;5
2654;2;9;6
2655;1;13;2
2656;2;7;18
2657;1;6;1
2657;2;6;7
2658;1;8;5
2658;2;8;7
2660;1;2;1
2660;2;2;1
2662;2;1;23
2663;2;3;13
2664;2;6;7
2665;1;6;9
2665;2;6;1
2666;2;5;24
2667;2;8;22
2668;2;7;15
2669;1;5;67
2669;2;5;63
2670;1;5;12
2670;2;5;14
2671;2;9;15
2672;2;8;29
2673;2;1;8
2674;2;15;5
2675;2;9;33
2676;1;11;4
2676;2;11;2
2678;2;11;13
2680;2;6;4
2681;1;14;12
2682;2;5;39
2683;1;7;1
2683;2;7;1
2685;2;6;16
2686;2;7;6
2687;2;9;5
2689;2;1;5
2692;2;1;12
2693;2;3;20
2694;2;8;3
2695;2;14;3
2696;2;8;1
2698;2;9;31
2699;2;5;10
2701;2;5;19
2702;2;9;9
2703;2;16;9
2704;2;16;10
2705;2;13;6
2706;2;11;1
2712;2;9;9
2713;2;6;35
2714;2;8;5
2715;2;7;7
2716;2;12;1
2717;2;5;25
2718;2;11;9
2719;1;2;4
2719;2;1;3
2720;2;7;14
2721;2;5;31
2723;1;8;2
2723;2;8;1
2725;2;11;32
2726;2;3;12
2727;1;3;8
2727;2;3;10
2728;2;9;7
2729;2;9;18
2730;2;5;5
2732;2;5;23
2733;1;6;20
2733;2;6;8
2734;2;8;7
2735;2;16;4
2737;2;10;2
2738;2;1;21
2739;2;3;2
2740;2;7;22
2741;2;6;7
2742;2;5;2
2743;1;5;18
2743;2;5;12
2744;2;5;16
2745;2;12;2
2747;2;1;4
2748;2;9;42
2749;2;6;31
2750;2;16;8
2752;1;1;2
2752;2;1;2
2753;1;6;2
2753;2;6;2
2754;2;5;44
2755;2;11;19
2756;2;6;5
2758;2;9;33
2759;2;9;25
2760;2;9;50
2761;2;10;19
2763;2;2;5
2764;2;6;7
2765;2;5;2
2766;2;9;3
2767;2;5;54
2769;1;15;3
2769;2;15;2
2770;2;2;6
2771;2;8;2
2772;2;5;60
2773;2;11;13
2774;1;2;2
2774;2;2;1
2775;2;11;8
2776;1;12;5
2776;2;12;9
2781;2;9;42
2782;1;9;1
2782;2;9;4
2784;2;9;8
2785;2;1;3
2786;1;3;5
2786;2;3;3
2787;2;5;14
2788;2;7;8
2791;2;8;1
2793;1;5;14
2793;2;5;12
2794;2;15;4
2796;2;15;5
2797;2;5;36
2799;1;5;12
2799;2;5;18
2800;1;3;19
2800;2;3;12
2801;2;9;37
2802;2;9;8
2803;1;6;7
2803;2;6;2
2805;2;11;4
2806;1;6;26
2806;2;6;25
2807;2;11;5
2808;2;11;1
2810;1;6;4
2812;2;1;3
2813;2;9;7
2814;2;9;29
2815;2;11;7
2816;2;11;43
2817;2;3;14
2818;2;6;3
2819;2;3;12
2820;1;8;4
2820;2;8;8
2821;2;13;11
2822;2;3;2
2824;2;5;45
2826;2;9;28
2827;1;2;10
2827;2;2;5
2829;1;9;31
2829;2;9;27
2830;2;11;4
2831;2;3;13
2832;2;13;6
2833;2;13;1
2834;2;5;32
2835;2;12;10
2837;2;11;2
2838;2;6;41
2839;2;8;13
2841;2;14;10
2842;2;3;3
2843;2;7;13
2844;2;8;19
2845;2;9;31
2847;2;11;3
2849;1;1;21
2849;2;1;11
2850;2;8;6
2851;2;3;36
2852;2;5;13
2854;2;9;22
2855;2;3;4
2856;1;3;1
2856;2;3;1
2857;2;11;9
2858;2;16;10
2861;2;9;11
2862;2;5;21
2863;2;9;19
2864;2;11;11
2865;2;9;46
2866;2;9;33
2867;1;16;6
2869;2;5;1
2870;2;7;24
2872;2;5;11
2873;1;10;31
2873;2;10;4
2874;2;14;1
2875;2;7;2
2876;2;15;3
2877;2;12;4
2878;2;13;4
2879;2;14;8
2880;1;14;11
2880;2;14;13
2883;2;2;1
2885;2;6;8
2886;2;6;6
2889;2;9;23
2890;2;7;4
2891;1;5;3
2891;2;5;3
2893;2;8;6
2894;2;13;3
2895;2;9;14
2896;2;5;28
2897;2;16;11
2898;2;6;10
2900;1;7;6
2900;2;7;13
2901;2;8;3
2902;1;15;1
2902;2;15;1
2903;2;1;4
2904;2;5;2
2905;2;7;9
2906;1;5;13
2907;2;7;8
2908;1;5;2
2908;2;5;3
2909;2;8;31
2910;2;4;3
2912;1;8;6
2912;2;8;4
2913;2;11;5
2914;2;5;4
2915;1;9;14
2915;2;9;18
2916;2;9;43
2917;2;12;3
2919;1;10;3
2920;2;11;11
2923;2;5;1
2924;2;9;33
2925;2;6;12
2926;2;9;10
2927;1;5;2
2927;2;5;2
2928;2;7;19
2930;2;11;4
2931;2;5;19
2932;2;13;7
2933;1;5;21
2933;2;5;14
2934;2;4;1
2935;1;3;25
2935;2;3;16
2938;2;6;6
2940;2;9;9
2941;2;5;8
2942;2;2;5
2943;2;11;10
2944;1;9;1
2944;2;9;3
2945;2;6;3
2946;2;5;22
2947;1;5;56
2947;2;5;55
2948;2;5;9
2949;2;9;17
2950;2;1;12
2952;1;3;1
2952;2;3;5
2953;2;5;6
2954;2;5;15
2955;1;5;35
2955;2;5;52
2956;1;5;9
2957;2;3;13
2958;1;9;2
2958;2;9;8
2960;1;5;59
2960;2;5;57
2961;2;8;22
2962;2;5;31
2964;2;5;5
2965;2;3;5
2967;2;6;15
2968;1;3;30
2968;2;3;27
2970;2;8;3
2971;2;9;25
2972;2;9;37
2973;1;3;6
2973;2;3;5
2974;1;3;7
2974;2;3;4
2975;2;9;29
2976;1;9;1
2976;2;9;1
2977;2;9;13
2978;2;14;13
2979;1;14;3
2981;2;10;8
2982;2;9;13
2983;2;12;7
2985;1;9;43
2985;2;9;30
2987;2;8;21
2988;2;16;6
2989;2;7;7
2990;2;8;20
2991;1;9;17
2991;2;9;19
2992;1;6;10
2992;2;6;9
2993;2;14;2
2994;2;6;11
2995;1;10;5
2995;2;10;6
2998;1;5;14
2998;2;5;11
2999;2;9;23
3000;2;14;2
3001;2;5;31
3002;2;8;8
3003;1;5;27
3003;2;5;40
3005;1;11;9
3006;2;12;4
3009;2;9;8
3010;2;5;31
3011;1;9;1
3011;2;9;3
3012;2;5;15
3013;2;6;42
3016;2;9;36
3017;2;8;18
3018;2;9;39
3019;2;12;4
3020;1;3;10
3020;2;3;7
3023;2;5;60
3025;1;11;3
3025;2;11;3
3026;2;9;38
3027;1;11;4
3027;2;11;3
3028;2;8;3
3029;1;8;17
3029;2;8;15
3030;2;3;5
3031;2;9;20
3032;2;14;14
3033;2;3;42
3035;1;11;7
3035;2;11;10
3036;2;13;2
3038;2;7;11
3039;2;9;30
3040;2;15;1
3041;2;2;9
3042;2;1;7
3043;2;12;2
3045;2;16;11
3046;2;14;13
3047;2;3;12
3048;2;6;5
3051;2;9;10
3052;2;6;20
3053;1;3;17
3053;2;3;12
3054;2;9;7
3055;2;1;14
3057;2;8;49
3058;1;9;10
3058;2;9;21
3059;2;6;34
3060;1;8;11
3060;2;8;10
3061;2;16;2
3063;2;14;5
3064;1;13;2
3064;2;13;1
3065;1;15;7
3065;2;15;7
3066;2;15;10
3068;2;8;24
3069;2;9;8
3071;2;7;3
3072;2;6;5
3073;2;5;34
3074;2;5;18
3076;2;10;10
3078;2;5;7
3079;2;16;3
3080;1;15;4
3080;2;15;7
3081;2;12;2
3083;2;4;4
3086;2;14;18
3087;2;8;10
3089;1;8;2
3089;2;8;1
3090;2;16;3
3091;2;5;7
3092;2;9;1
3093;2;9;9
3094;2;5;25
3095;2;10;3
3096;1;14;12
3096;2;14;8
3098;2;3;34
3099;2;3;10
3101;2;13;9
3102;2;5;22
3103;2;9;69
3104;2;16;5
3105;2;9;27
3107;1;3;3
3107;2;7;1
3108;2;12;6
3110;2;9;27
3111;2;8;25
3112;2;16;4
3113;2;2;4
3115;2;6;9
3116;1;9;60
3116;2;9;64
3117;2;3;10
3118;1;6;2
3118;2;6;6
3119;2;8;28
3120;2;11;5
3121;2;9;23
3122;2;7;21
3123;2;5;19
3125;1;6;29
3125;2;6;37
3126;1;11;1
3126;2;11;1
3127;1;8;19
3127;2;8;20
3129;2;8;4
3130;2;1;11
3131;2;5;49
3132;1;1;5
3132;2;1;3
3135;2;3;49
3136;2;5;34
3137;2;7;2
3138;2;5;24
3139;2;9;22
3141;2;9;4
3142;2;5;18
3144;2;9;19
3145;1;10;16
3145;2;10;17
3146;2;7;4
3147;2;16;14
3148;2;9;1
3150;2;3;30
3151;2;3;1
3152;2;5;46
3153;2;6;5
3154;1;7;3
3154;2;7;1
3155;2;5;6
3156;1;5;5
3157;2;5;46
3159;2;9;6
3160;2;9;5
3161;2;11;2
3162;2;5;9
3163;2;3;15
3165;1;4;4
3165;2;4;3
3166;2;11;3
3168;2;12;8
3169;2;5;4
3170;2;8;34
3171;2;5;27
3172;2;6;16
3174;2;4;2
3175;2;2;7
3177;2;16;9
3178;2;16;9
3179;2;2;12
3180;1;8;20
3180;2;8;17
3181;2;1;19
3182;2;8;23
3184;2;8;2
3185;1;1;1
3185;2;1;1
3186;2;1;18
3187;2;3;12
3188;2;9;3
3189;2;16;13
3190;2;5;4
3191;2;9;39
3192;2;9;1
3193;2;6;6
3194;2;6;1
3196;2;8;16
3198;2;6;19
3199;2;5;5
3201;2;8;2
3202;2;5;1
3204;2;8;10
3205;2;13;10
3207;2;5;63
3209;2;7;9
3210;2;7;3
3211;1;8;13
3211;2;8;9
3212;1;14;9
3212;2;14;19
3213;2;14;6
3214;1;9;40
3214;2;9;9
3215;2;12;5
3216;2;5;43
3217;2;12;11
3218;2;9;34
3219;2;6;3
3220;2;3;12
3221;1;8;20
3223;1;6;6
3223;2;6;2
3224;1;9;22
3224;2;9;22
3225;2;9;3
3226;2;6;2
3227;2;1;18
3231;2;12;3
3233;1;4;4
3233;2;4;2
3234;2;5;1
3235;2;3;23
3236;2;8;40
3237;2;15;5
3239;2;8;14
3240;1;6;2
3240;2;6;2
3241;1;6;7
3241;2;6;3
3242;2;5;7
3243;2;1;13
3244;2;11;3
3245;2;8;7
3247;2;5;25
3248;2;7;1
3249;1;9;9
3250;2;6;33
3251;2;7;17
3252;2;9;18
3254;2;9;35
3255;2;5;13
3257;2;3;40
3258;2;11;6
3259;1;2;2
3259;2;2;2
3260;2;14;2
3261;2;13;7
3262;2;2;4
3263;2;4;2
3264;2;8;21
3265;2;3;5
3266;1;9;41
3266;2;9;61
3267;2;8;31
3268;1;3;8
3268;2;3;5
3269;2;5;5
3270;2;11;10
3271;1;8;18
3271;2;8;14
3272;2;4;3
3273;2;6;20
3274;2;12;9
3275;1;6;14
3275;2;6;13
3276;2;9;16
3277;2;13;6
3280;1;7;7
3280;2;7;6
3281;1;5;52
3281;2;5;53
3282;2;4;1
3285;2;7;36
3286;2;15;10
3287;2;11;8
3289;2;9;2
3290;2;6;35
3291;2;8;1
3292;2;16;15
3293;1;5;11
3293;2;5;5
3294;2;8;32
3296;1;8;1
3296;2;8;1
3297;1;7;4
3297;2;7;4
3299;2;5;6
3301;2;9;21
3302;2;9;15
3303;2;7;4
3304;2;8;32
3305;2;3;20
3306;2;9;47
3307;1;9;7
3307;2;9;5
3308;2;5;42
3310;2;5;12
3311;2;5;26
3312;1;5;15
3312;2;5;13
3313;1;8;2
3313;2;8;2
3314;2;9;15
3315;1;9;36
3316;2;6;2
3317;2;12;2
3319;2;1;6
3320;2;11;11
3321;1;14;5
3323;2;7;16
3324;2;5;6
3325;2;9;30
3328;2;7;13
3330;1;8;2
3330;2;8;3
3332;2;4;4
3333;2;6;13
3334;1;6;46
3334;2;6;40
3336;2;9;2
3337;1;3;46
3337;2;3;38
3338;2;8;9
3339;2;16;5
3340;2;5;23
3341;2;6;9
3344;2;6;17
3345;1;6;5
3345;2;6;5
3346;2;9;13
3347;2;3;7
3348;1;8;4
3348;2;8;4
3349;2;3;1
3350;1;9;6
3350;2;9;6
3351;1;5;21
3351;2;5;7
3352;2;5;15
3354;2;9;44
3355;2;6;22
3356;2;9;13
3358;2;5;12
3359;2;5;48
3360;2;7;3
3361;2;13;1
3363;2;3;17
3364;2;5;4
3365;2;12;8
3366;2;8;16
3367;1;1;7
3369;1;9;8
3369;2;9;2
3370;2;9;44
3371;2;9;14
3372;1;15;8
3372;2;15;6
3373;2;7;4
3374;2;8;7
3375;1;16;7
3375;2;16;5
3378;2;11;3
3379;2;8;16
3380;2;2;9
3382;2;9;14
3383;2;9;49
3384;1;8;4
3384;2;8;1
3385;2;3;30
3386;2;8;20
3388;2;7;3
3389;2;13;5
3391;2;5;21
3393;1;8;1
3393;2;8;2
3394;1;9;12
3394;2;9;23
3395;2;5;19
3396;2;5;30
3397;2;5;10
3398;2;5;36
3399;2;5;35
3400;2;5;52
3401;2;1;3
3403;2;3;3
3404;1;9;22
3404;2;9;24
3405;2;5;12
3406;2;11;1
3407;2;6;26
3408;1;11;7
3408;2;11;6
3409;2;9;19
3410;1;9;57
3410;2;9;70
3411;2;9;52
3412;2;9;58
3413;2;3;26
3414;2;8;43
3415;2;9;18
3416;2;9;51
3417;1;7;2
3417;2;7;8
3418;1;9;12
3418;2;9;9
3419;1;6;12
3419;2;6;6
3421;2;15;5
3422;1;5;4
3422;2;5;4
3423;1;8;3
3423;2;8;2
3424;2;7;10
3425;1;8;17
3425;2;8;13
3427;2;14;14
3428;2;9;46
3429;2;9;3
3430;2;9;10
3431;2;11;8
3433;2;14;1
3434;2;11;4
3435;2;9;30
3437;1;14;15
3437;2;14;12
3439;2;9;10
3440;2;14;5
3442;1;5;4
3442;2;5;10
3443;2;6;28
3444;1;3;38
3444;2;3;33
3445;2;11;2
3446;2;9;4
3448;2;10;4
3449;2;6;1
3450;2;7;14
3451;2;7;9
3452;2;8;19
3453;1;10;14
3453;2;10;15
3454;2;7;35
3456;2;4;4
3457;2;8;45
3458;2;6;44
3459;2;11;26
3460;1;1;7
3460;2;1;8
3461;2;14;11
3462;1;16;1
3462;2;16;1
3463;2;16;3
3464;2;8;3
3465;2;7;2
3466;2;5;44
3467;2;8;19
3469;1;10;17
3469;2;10;12
3470;2;15;4
3471;2;5;24
3472;1;16;9
3472;2;16;6
3473;2;15;10
3474;2;14;12
3475;1;8;18
3475;2;8;12
3476;2;11;5
3477;1;7;12
3477;2;7;10
3478;2;9;24
3479;2;5;4
3480;1;6;8
3480;2;6;5
3481;2;5;32
3484;2;9;24
3485;2;10;2
3486;2;9;11
3487;2;14;14
3488;2;2;16
3489;1;9;16
3489;2;9;4
3491;1;9;38
3491;2;9;8
3492;2;16;7
3493;2;6;4
3494;2;16;4
3495;2;11;34
3496;2;6;3
3497;2;3;33
3498;2;4;4
3499;1;6;9
3499;2;6;13
3500;2;3;42
3502;2;9;30
3503;2;5;22
3505;2;8;36
3506;2;9;37
3507;2;3;19
3509;2;14;5
3510;2;16;3
3511;1;8;6
3511;2;8;5
3513;2;9;23
3515;2;6;2
3516;1;1;2
3516;2;1;2
3518;1;9;6
3519;2;5;5
3520;2;11;25
3523;2;11;50
3525;2;9;34
3526;1;14;13
3526;2;14;11
3528;2;16;2
3529;2;9;9
3530;2;9;47
3531;2;1;1
3532;2;8;4
3533;2;2;3
3534;2;9;7
3535;2;9;23
3536;2;3;44
3538;1;9;4
3538;2;9;2
3539;2;13;9
3540;2;3;58
3541;1;8;1
3541;2;8;1
3542;1;8;8
3543;2;8;24
3544;2;2;17
3545;2;13;9
3547;2;10;3
3550;2;5;3
3551;2;5;53
3552;2;4;4
3553;1;5;29
3554;2;5;14
3555;2;5;16
3557;2;5;9
3558;2;2;6
3559;2;1;8
3560;1;9;10
3560;2;9;5
3561;2;11;11
3562;2;3;10
3563;2;6;12
3564;1;11;3
3564;2;11;2
3565;2;6;5
3567;2;1;1
3568;2;12;7
3569;1;13;3
3569;2;13;5
3572;2;5;7
3573;2;8;48
3575;1;5;1
3578;2;15;9
3579;2;5;2
3580;1;5;43
3580;2;5;43
3581;2;8;8
3582;2;8;6
3583;1;9;9
3583;2;9;7
3584;2;15;2
3585;2;6;33
3587;2;9;4
3588;2;11;1
3589;1;5;43
3589;2;5;47
3591;2;8;10
3593;2;10;1
3594;1;3;13
3594;2;3;28
3595;2;2;8
3596;1;5;28
3596;2;5;44
3597;2;9;19
3598;2;15;8
3599;2;8;5
3600;2;10;3
3602;1;9;3
3602;2;9;2
3603;1;9;52
3603;2;9;55
3604;2;7;12
3605;2;9;12
3606;1;8;16
3606;2;8;10
3607;2;9;40
3608;2;11;6
3610;2;1;14
3611;2;1;24
3612;2;5;22
3613;1;8;10
3613;2;8;8
3614;2;9;5
3615;2;11;12
3616;2;5;13
3618;2;5;17
3624;2;8;31
3625;2;2;1
3626;2;3;1
3627;2;9;10
3628;2;7;35
3629;2;9;6
3632;1;13;7
3632;2;13;2
3633;1;3;13
3633;2;3;9
3635;1;8;11
3635;2;8;4
3636;2;11;1
3637;2;9;43
3638;2;9;26
3639;2;1;7
3640;2;1;12
3641;1;5;50
3641;2;5;49
3643;2;9;3
3644;1;14;4
3644;2;14;10
3645;2;4;3
3646;2;12;11
3647;2;8;36
3648;2;5;4
3649;2;9;44
3650;2;8;33
3651;2;9;29
3653;2;15;2
3655;1;16;9
3655;2;16;7
3656;2;6;14
3657;2;7;3
3658;2;6;4
3661;1;7;2
3663;2;11;7
3664;2;10;7
3665;1;8;11
3665;2;8;17
3666;2;11;2
3667;1;1;2
3668;2;9;17
3669;2;8;25
3670;1;6;4
3670;2;6;4
3671;2;4;1
3672;2;7;18
3674;2;7;9
3675;1;4;3
3675;2;4;1
3676;2;5;13
3677;2;5;22
3678;2;14;8
3679;2;2;4
3680;2;3;6
3681;2;4;3
3682;2;9;36
3684;2;9;42
3685;1;8;14
3685;2;8;24
3687;2;5;9
3688;1;9;8
3688;2;9;7
3689;2;1;3
3690;2;7;4
3691;1;15;1
3691;2;15;1
3693;1;8;12
3693;2;8;6
3695;1;14;1
3695;2;14;1
3698;2;6;37
3699;1;9;37
3699;2;9;25
3700;2;1;29
3701;2;7;14
3702;2;4;6
3703;2;3;16
3704;1;6;2
3704;2;6;39
3705;2;5;25
3706;2;6;15
3707;2;3;3
3708;2;16;7
3712;2;11;39
3713;2;9;15
3714;2;15;8
3718;2;9;19
3719;2;9;25
3720;1;9;8
3720;2;9;9
3721;2;8;8
3722;2;9;10
3723;2;8;14
3725;2;5;27
3727;1;3;26
3727;2;3;7
3728;1;5;58
3728;2;5;23
3729;2;5;16
3730;1;9;23
3730;2;9;43
3731;2;9;43
3732;2;3;11
3734;2;8;2
3735;2;5;26
3736;1;13;3
3736;2;13;1
3737;2;9;33
3738;2;8;15
3739;2;3;8
3740;2;6;41
3741;2;16;8
3742;1;4;1
3742;2;4;1
3743;2;9;14
3744;2;9;9
3745;2;11;8
3746;2;7;30
3747;2;11;7
3748;2;6;8
3749;2;5;1
3750;2;11;31
3751;1;5;8
3751;2;5;16
3752;1;9;38
3752;2;9;18
3755;2;9;20
3756;2;1;4
3758;2;11;1
3759;2;9;6
3760;2;1;21
3761;2;12;8
3762;2;8;38
3763;1;6;9
3763;2;6;4
3765;1;9;10
3765;2;9;28
3766;2;9;39
3768;2;16;1
3769;1;16;6
3769;2;16;6
3770;1;9;12
3770;2;9;2
3771;2;8;7
3772;1;1;4
3772;2;1;1
3773;2;6;2
3774;1;11;4
3774;2;11;4
3775;2;8;23
3776;2;6;3
3777;1;13;2
3777;2;13;1
3778;2;9;18
3779;2;3;27
3781;2;9;27
3782;2;9;48
3784;1;6;6
3784;2;6;5
3785;2;12;9
3786;2;5;9
3787;2;12;7
3788;1;13;7
3788;2;13;6
3789;2;5;14
3790;1;6;3
3790;2;6;5
3792;2;3;47
3793;1;5;3
3793;2;5;1
3794;2;12;9
3795;1;3;3
3795;2;3;10
3796;2;1;25
3797;2;9;18
3799;2;5;22
3800;2;3;5
3801;2;8;2
3802;2;7;16
3803;2;9;41
3804;2;3;40
3806;2;16;1
3807;1;8;9
3807;2;8;3
3809;1;12;1
3809;2;12;1
3810;2;11;13
3812;2;5;58
3813;2;6;7
3814;2;3;8
3815;2;15;5
3816;2;5;19
3817;2;1;10
3820;2;7;8
3821;2;9;25
3822;2;15;10
3824;1;15;7
3824;2;15;5
3825;1;5;25
3827;2;2;12
3828;2;8;6
3830;1;7;1
3830;2;7;1
3831;2;5;50
3832;1;5;26
3832;2;5;32
3833;1;1;7
3833;2;1;11
3836;2;9;3
3838;2;2;7
3839;2;6;38
3840;1;3;4
3843;2;6;24
3844;2;10;2
3845;2;11;2
3846;1;1;5
3846;2;1;4
3848;2;2;5
3850;1;5;8
3850;2;5;11
3854;2;9;52
3855;1;9;20
3855;2;9;35
3857;1;9;19
3857;2;9;20
3858;2;9;14
3859;2;5;7
3861;1;6;6
3861;2;6;6
3862;1;13;5
3862;2;13;5
3863;2;5;39
3864;1;9;3
3864;2;9;3
3865;2;3;9
3866;2;11;19
3867;2;1;10
3868;1;8;5
3868;2;8;5
3870;1;11;6
3872;2;8;12
3873;1;5;15
3873;2;5;18
3874;2;5;26
3875;2;9;45
3877;1;12;9
3877;2;12;7
3878;1;12;2
3878;2;12;1
3879;2;5;26
3881;2;9;35
3882;2;8;15
3883;1;11;4
3883;2;11;5
3884;2;10;2
3886;2;8;24
3887;2;9;11
3888;2;13;6
3890;1;1;13
3890;2;1;6
3891;2;3;13
3892;1;9;45
3892;2;9;5
3893;2;9;14
3894;2;5;34
3896;2;13;5
3897;2;5;17
3899;2;9;12
3900;2;8;4
3902;2;14;2
3903;2;5;49
3904;1;3;27
3904;2;3;24
3905;1;12;3
3905;2;12;3
3907;2;9;65
3908;2;1;24
3909;2;11;7
3910;2;11;6
3911;2;11;2
3912;2;11;8
3913;2;16;1
3914;2;4;5
3916;2;6;10
3917;2;9;14
3919;1;16;4
3919;2;16;4
3920;2;13;12
3921;2;13;1
3922;1;5;38
3922;2;5;24
3928;2;5;6
3929;2;5;7
3930;1;7;8
3930;2;7;25
3931;2;13;8
3932;2;7;1
3933;2;10;22
3934;2;10;12
3935;2;5;54
3936;2;5;4
3937;2;11;6
3938;2;3;24
3939;2;6;22
3941;1;5;5
3941;2;5;7
3943;2;1;10
3944;1;1;3
3944;2;1;5
3945;2;8;14
3946;2;9;16
3947;1;9;11
3947;2;9;20
3948;2;7;16
3950;2;7;11
3951;2;1;6
3952;2;1;4
3953;2;9;2
3954;2;14;3
3955;2;8;11
3956;1;10;3
3956;2;10;3
3957;2;15;1
3958;1;14;1
3958;2;14;3
3960;2;6;29
3961;2;11;28
3962;2;2;2
3963;2;3;17
3964;1;16;2
3964;2;16;2
3965;2;14;7
3966;2;6;43
3967;2;5;52
3968;1;5;40
3968;2;5;37
3970;2;1;7
3971;2;9;25
3972;2;11;6
3973;2;9;26
3974;2;9;5
3975;2;4;2
3976;2;2;6
3977;1;5;22
3977;2;5;16
3980;2;6;13
3981;2;11;3
3983;1;3;8
3983;2;3;6
3985;2;11;2
3986;1;8;8
3986;2;8;5
3987;2;3;2
3989;2;14;9
3990;2;14;4
3991;2;8;5
3992;2;9;11
3993;2;6;28
3994;2;10;1
3995;2;5;40
3996;2;1;1
3998;2;7;38
3999;1;15;6
3999;2;15;10
4000;1;10;1
4000;2;10;1
4001;2;6;39
4002;1;3;2
4002;2;3;2
4003;2;14;10
4005;2;3;48
4007;1;14;2
4007;2;14;4
4008;1;14;14
4009;2;15;6
4010;2;11;49
4011;2;6;26
4012;2;8;10
4013;2;4;3
4014;2;3;4
4015;2;3;7
4016;1;3;19
4016;2;3;18
4017;2;8;18
4018;2;9;38
4019;2;7;7
4022;1;9;19
4022;2;9;17
4023;2;10;5
4024;2;8;4
4025;2;9;26
4027;2;11;12
4028;2;9;29
4029;1;7;1
4029;2;7;1
4031;2;3;4
4032;2;5;8
4033;2;14;9
4034;2;9;37
4036;2;7;15
4037;2;10;2
4038;2;5;37
4039;1;8;4
4039;2;8;6
4040;2;5;37
4041;1;14;2
4041;2;14;2
4042;1;9;36
4042;2;9;27
4044;2;11;4
4045;2;6;34
4046;2;11;2
4047;1;6;4
4047;2;6;3
4048;2;6;20
4049;2;3;3
4050;2;5;49
4052;2;5;2
4053;2;9;18
4054;1;14;7
4054;2;14;7
4055;2;3;9
4056;2;5;58
4057;1;6;20
4057;2;6;18
4058;2;3;24
4059;2;6;5
4060;2;14;10
4061;2;9;10
4063;2;8;16
4064;2;5;58
4065;2;12;9
4066;2;3;16
4067;2;7;8
4069;1;14;10
4069;2;14;8
4070;1;5;16
4070;2;5;10
4071;1;16;3
4071;2;16;3
4073;2;8;40
4074;1;5;11
4074;2;5;7
4076;2;16;10
4077;2;16;2
4079;1;8;1
4079;2;8;6
4081;2;12;6
4082;2;15;13
4083;1;11;1
4083;2;11;1
4085;2;9;33
4086;1;9;7
4086;2;9;16
4088;2;11;7
4089;2;1;5
4090;2;6;10
4091;1;5;28
4091;2;5;26
4092;2;8;35
4093;2;15;16
4094;1;9;45
4094;2;9;29
4097;1;3;7
4097;2;3;5
4098;2;13;3
4099;1;5;33
4099;2;5;34
4100;2;12;4
4101;2;15;9
4103;2;11;6
4105;1;1;1
4105;2;1;1
4106;2;9;1
4107;2;7;27
4108;2;5;29
4109;2;9;42
4111;2;5;1
4112;2;1;16
4113;2;9;8
4114;1;1;4
4114;2;1;4
4115;1;6;5
4115;2;6;7
4116;2;9;9
4117;2;4;5
4118;2;8;17
4119;2;1;3
4121;2;16;6
4122;2;9;26
4123;2;5;51
4124;2;2;2
4125;2;8;18
4126;2;15;1
4129;2;9;5
4130;1;12;1
4130;2;12;1
4131;1;5;15
4132;2;12;14
4133;1;9;1
4134;2;9;56
4135;1;9;1
4135;2;9;16
4137;2;7;2
4138;1;9;11
4138;2;9;7
4139;2;16;13
4141;2;13;4
4142;2;3;18
4143;2;5;56
4144;2;16;3
4145;2;9;28
4147;2;10;3
4148;2;8;14
4150;2;11;4
4151;2;14;5
4153;2;5;57
4154;2;12;4
4156;1;11;5
4156;2;11;5
4159;1;6;2
4159;2;10;6
4160;2;11;5
4162;2;9;23
4163;2;8;15
4164;2;7;9
4165;2;10;6
4166;2;15;12
4167;2;7;5
4169;1;16;4
4170;2;6;4
4171;2;3;3
4174;2;7;40
4175;2;5;5
4176;2;8;34
4177;2;4;3
4178;2;7;4
4179;2;7;1
4181;1;3;56
4181;2;3;29
4182;2;15;7
4183;1;11;5
4183;2;11;2
4184;2;9;32
4185;2;5;4
4186;2;5;7
4188;1;8;4
4188;2;8;1
4189;2;15;2
4190;2;12;10
4191;2;7;10
4192;2;15;11
4193;2;16;16
4194;2;8;14
4195;1;14;7
4197;2;12;2
4198;2;7;7
4199;2;5;3
4200;2;16;8
4202;1;9;4
4202;2;9;4
4203;1;2;3
4203;2;2;1
4204;2;7;13
4205;2;1;6
4206;2;8;29
4207;2;8;13
4209;2;9;19
4210;2;5;8
4212;2;9;19
4214;2;12;10
4215;2;6;10
4216;2;5;9
4217;2;5;13
4218;2;6;12
4220;2;9;41
4221;1;5;24
4221;2;5;21
4223;2;14;12
4224;2;15;9
4225;2;5;48
4226;2;8;35
4227;1;3;15
4227;2;3;14
4230;2;13;3
4231;1;8;6
4231;2;8;6
4232;2;9;18
4233;2;7;29
4234;2;11;3
4235;1;5;57
4235;2;5;62
4236;2;7;12
4237;2;12;7
4238;2;7;15
4240;1;14;10
4240;2;14;11
4241;2;1;14
4244;2;9;16
4245;2;9;42
4246;2;3;10
4248;2;7;13
4249;2;7;21
4252;2;7;14
4253;1;14;5
4254;1;7;3
4254;2;7;2
4255;2;11;5
4256;2;6;7
4257;2;9;1
4258;2;6;11
4259;2;16;10
4260;2;8;33
4261;2;3;56
4262;2;14;7
4264;2;13;2
4265;2;9;4
4266;2;5;8
4267;2;5;40
4268;1;8;20
4268;2;8;18
4269;1;5;1
4269;2;5;1
4270;2;3;21
4271;2;6;21
4272;2;8;23
4273;2;15;3
4274;2;9;49
4277;1;8;28
4279;2;6;9
4280;2;4;4
4281;2;12;4
4282;1;8;4
4282;2;8;4
4284;2;2;1
4285;2;15;8
4286;2;16;10
4287;2;6;11
4288;2;6;9
4289;2;5;33
4290;2;16;1
4291;2;5;13
4292;2;5;25
4293;2;12;12
4294;1;8;15
4294;2;8;11
4295;2;7;30
4297;1;9;3
4297;2;9;1
4298;2;13;1
4299;2;1;11
4300;2;8;42
4301;1;16;3
4301;2;16;5
4302;2;9;24
4304;2;6;36
4306;2;2;6
4307;2;11;14
4308;1;6;16
4308;2;6;15
4309;1;1;3
4309;2;1;3
4310;2;7;10
4314;2;7;11
4316;1;5;21
4316;2;5;6
4317;2;11;6
4318;2;2;10
4319;2;7;4
4320;2;9;40
4322;2;9;8
4323;2;3;50
4324;1;8;32
4324;2;8;26
4325;2;9;4
4327;2;5;14
4329;2;5;39
4330;2;5;10
4331;2;8;12
4332;1;6;1
4333;1;7;2
4333;2;7;1
4334;2;8;29
4335;2;6;30
4336;2;9;20
4337;2;14;11
4338;2;5;12
4339;2;5;3
4340;2;7;22
4341;2;5;10
4342;2;8;1
4343;2;5;4
4345;2;9;8
4346;2;12;6
4348;1;5;20
4348;2;5;18
4349;2;7;5
4350;2;15;11
4351;2;12;5
4353;2;8;51
4354;2;13;9
4355;2;9;7
4356;2;16;3
4357;1;5;5
4357;2;5;8
4358;2;8;27
4359;2;8;16
4360;1;1;9
4360;2;1;9
4363;2;8;22
4364;2;12;1
4365;1;8;5
4365;2;8;3
4366;1;15;1
4366;2;15;2
4367;1;14;15
4367;2;14;16
4370;1;3;36
4370;2;3;29
4371;2;15;7
4372;2;5;5
4373;2;5;36
4374;2;9;47
4375;2;3;20
4376;1;1;3
4376;2;2;1
4377;1;14;8
4377;2;14;6
4378;2;7;20
4379;2;9;36
4381;2;6;5
4382;2;5;1
4383;2;10;9
4384;2;5;12
4385;2;14;9
4388;2;9;19
4389;1;14;3
4389;2;14;5
4390;1;14;3
4390;2;14;3
4391;2;7;26
4393;2;5;48
4395;1;12;2
4395;2;12;3
4396;2;5;8
4397;2;6;14
4398;2;9;33
4404;2;14;3
4406;2;8;11
4407;2;16;7
4408;2;9;3
4409;2;9;28
4410;2;9;18
4411;2;4;1
4412;2;7;27
4413;2;3;39
4414;1;11;1
4414;2;11;1
4415;2;5;48
4416;2;1;4
4417;2;9;21
4418;1;12;2
4418;2;12;2
4419;1;9;13
4419;2;9;14
4420;1;9;6
4420;2;9;6
4421;2;12;5
4423;1;11;6
4423;2;11;6
4424;2;9;28
4426;2;9;24
4427;2;16;9
4428;2;6;17
4430;2;16;11
4431;2;6;15
4433;2;5;4
4434;2;11;9
4435;2;13;10
4436;2;3;3
4437;1;14;5
4437;2;14;7
4438;2;5;2
4439;2;9;25
4440;2;9;4
4442;1;5;50
4442;2;5;41
4443;2;11;33
4444;2;9;40
4445;2;8;14
4446;1;10;4
4446;2;12;5
4447;2;9;23
4449;2;5;15
4450;1;9;1
4450;2;9;1
4451;1;6;3
4451;2;6;4
9581;1;9;50
9582;1;5;30
9583;1;7;10
9585;1;7;31
9586;1;9;43
9587;1;3;11
9588;1;5;15
9589;1;9;13
9591;1;6;38
9592;1;13;1
9593;1;7;3
9594;1;9;33
9595;1;9;4
9597;1;2;1
9598;1;5;29
9601;1;9;14
9603;1;6;3
9604;1;10;7
9605;1;1;22
9606;1;6;8
9607;1;7;21
9608;1;10;5
9609;1;9;13
9610;1;6;10
9611;1;9;15
9613;1;16;9
9614;1;5;7
9615;1;13;5
9618;1;6;42
9620;1;12;3
9621;1;8;5
9622;1;5;21
9623;1;10;7
9624;1;9;12
9628;1;4;2
9629;1;6;24
9630;1;6;17
9631;1;11;4
9632;1;2;2
9633;1;4;1
9634;1;15;3
9635;1;6;8
9637;1;12;3
9638;1;7;6
9642;1;4;3
9643;1;14;7
9644;1;5;30
9645;1;9;25
9646;1;5;72
9647;1;4;1
9648;1;2;7
9649;1;1;6
9650;1;10;29
9651;1;15;2
9652;1;2;3
9653;1;13;1
9654;1;2;3
9655;1;6;37
9656;1;6;39
9657;1;9;8
9658;1;9;4
9659;1;9;53
9660;1;8;3
9661;1;11;3
9662;1;11;4
9664;1;9;9
9666;1;6;8
9669;1;7;5
9671;1;7;39
9672;1;7;28
9673;1;5;66
9674;1;3;42
9675;1;9;54
9676;1;7;36
9677;1;3;32
9678;1;6;17
9679;1;12;1
9681;1;4;5
9682;1;3;2
9683;1;12;3
9684;1;14;6
9685;1;8;8
9686;1;10;4
9687;1;8;26
9688;1;3;32
9689;1;11;5
9690;1;3;28
9692;1;8;28
9693;1;9;9
9695;1;9;17
9696;1;5;17
9697;1;9;63
9701;1;9;13
9702;1;5;27
9703;1;15;1
9705;1;9;19
9706;1;7;6
9707;1;8;9
9708;1;9;16
9711;1;3;2
9712;1;5;27
9713;1;2;4
9714;1;6;35
9715;1;9;27
9716;1;12;9
9718;1;16;8
9721;1;13;8
9722;1;14;6
9723;1;3;39
9724;1;2;2
9726;1;7;16
9727;1;8;29
9728;1;1;2
9729;1;8;19
9730;1;11;1
9732;1;6;5
9733;1;5;23
9734;1;7;10
9735;1;2;11
9739;1;7;26
9740;1;13;5
9742;1;6;18
9745;1;4;3
9748;1;6;15
9750;1;5;17
9751;1;3;9
9752;1;5;41
9753;1;5;2
9758;1;1;4
9761;1;10;8
9762;1;6;34
9765;1;8;8
9766;1;3;28
9767;1;8;1
9773;1;7;25
9774;1;3;2
9776;1;14;6
9779;1;9;9
9780;1;6;6
9781;1;9;14
9782;1;5;6
9785;1;5;3
9786;1;5;1
9787;1;5;10
9790;1;3;10
9791;1;9;47
9792;1;3;2
9793;1;5;4
9794;1;11;11
9795;1;11;9
9796;1;9;45
9798;1;9;16
9799;1;6;4
9801;1;11;10
9803;1;5;11
9804;1;7;38
9806;1;3;22
9807;1;1;18
9808;1;4;5
9809;1;9;10
9810;1;12;10
9813;1;3;25
9814;1;2;2
9816;1;3;31
9817;1;9;23
9819;1;5;10
9820;1;3;9
9822;1;3;6
9823;1;9;5
9824;1;9;12
9825;1;9;20
9826;1;8;32
9827;1;10;6
9830;1;4;4
9831;1;7;29
9832;1;5;22
9835;1;4;5
9836;1;6;13
9837;1;13;2
9838;1;5;27
9839;1;8;3
9841;1;11;8
9842;1;10;2
9844;1;9;13
9845;1;11;2
9846;1;4;4
9847;1;3;41
9848;1;7;24
9849;1;6;28
9850;1;3;22
9851;1;5;3
9852;1;3;7
9853;1;3;43
9854;1;8;38
9855;1;3;3
9856;1;11;3
9857;1;10;28
9859;1;5;3
9860;1;9;22
9861;1;16;5
9864;1;9;12
9865;1;8;4
9866;1;11;1
9868;1;5;19
9869;1;8;17
9871;1;7;3
9875;1;9;17
9876;1;2;6
9878;1;5;4
9879;1;11;10
9880;1;11;11
9881;1;10;1
9882;1;8;6
9883;1;5;17
9884;1;6;18
9885;1;5;60
9886;1;15;3
9887;1;8;39
9889;1;12;3
9890;1;12;4
9891;1;9;30
9892;1;4;2
9894;1;5;54
9895;1;9;8
9896;1;8;4
9897;1;10;4
9898;1;3;14
9899;1;3;41
9901;1;3;1
9903;1;7;33
9906;1;9;57
9907;1;3;37
9908;1;5;15
9909;1;8;23
9912;1;10;18
9914;1;8;22
9915;1;3;60
9916;1;1;20
9918;1;9;13
9922;1;6;10
9925;1;8;3
9926;1;6;27
9927;1;5;56
9929;1;3;23
9931;1;3;3
9932;1;11;4
9934;1;8;26
9936;1;11;10
9937;1;11;12
9939;1;9;14
9940;1;2;4
9941;1;9;44
9942;1;10;22
9943;1;14;5
9944;1;5;32
9948;1;9;11
9950;1;9;6
9951;1;9;13
9952;1;15;6
9953;1;15;6
9954;1;6;4
9955;1;1;22
9956;1;7;27
9957;1;9;19
9958;1;4;3
9959;1;9;15
9961;1;5;8
9962;1;5;11
9963;1;9;14
9964;1;5;16
9965;1;3;1
9966;1;6;5
9967;1;12;5
9970;1;9;16
9971;1;8;16
9973;1;5;5
9974;1;5;40
9976;1;14;3
9978;1;7;19
9980;1;3;39
9981;1;9;15
9982;1;14;9
9984;1;5;9
9985;1;16;1
9986;1;16;4
9987;1;7;4
9988;1;5;14
9989;1;8;7
9990;1;4;2
9991;1;14;10
9992;1;5;38
9994;1;7;30
9995;1;11;6
9996;1;1;15
9997;1;9;17
9998;1;15;1
9999;1;9;7
10001;1;8;10
10002;1;8;30
10003;1;9;30
10006;1;6;45
10007;1;7;30
10009;1;10;6
10010;1;9;27
10011;1;12;1
10012;1;10;3
10013;1;8;9
10014;1;5;34
10015;1;15;2
10017;1;3;23
10018;1;7;5
10021;1;9;16
10022;1;5;3
10023;1;5;46
10025;1;3;1
10026;1;10;19
10027;1;9;4
10028;1;1;6
10029;1;4;4
10030;1;12;8
10031;1;9;6
10032;1;9;8
10033;1;5;11
10034;1;13;5
10035;1;7;7
10036;1;9;25
10037;1;5;30
10039;1;15;5
10040;1;3;17
10041;1;2;1
10042;1;1;11
10043;1;10;3
10044;1;16;7
10045;1;13;4
10046;1;12;6
10048;1;14;6
10050;1;5;4
10053;1;9;18
10054;1;6;41
10055;1;9;21
10056;1;7;4
10058;1;9;24
10059;1;5;3
10060;1;5;24
10062;1;8;1
10063;1;8;18
10064;1;6;29
10065;1;5;2
10066;1;5;6
10068;1;3;10
10069;1;16;4
10070;1;5;7
10071;1;9;6
10072;1;3;10
10073;1;2;8
10074;1;5;59
10075;1;8;34
10076;1;8;31
10077;1;7;17
10080;1;5;6
10081;1;3;6
10082;1;16;2
10083;1;3;27
10084;1;3;29
10085;1;3;55
10086;1;5;17
10088;1;6;2
10089;1;6;21
10090;1;8;59
10091;1;16;11
10092;1;9;17
10094;1;16;4
10095;1;7;18
10098;1;6;7
10099;1;9;45
10100;1;9;18
10101;1;7;24
10103;1;5;37
10104;1;15;5
10105;1;7;11
10106;1;8;33
10107;1;9;9
10108;1;15;9
10109;1;1;10
10111;1;3;13
10112;1;5;12
10114;1;8;9
10115;1;9;18
10117;1;9;16
10118;1;5;41
10120;1;7;15
10122;1;5;19
10124;1;6;41
10126;1;10;30
10127;1;3;11
10128;1;9;7
10129;1;8;58
10130;1;9;54
10131;1;5;37
10132;1;3;14
10133;1;16;12
10134;1;3;5
10135;1;6;40
10136;1;5;2
10137;1;9;19
10138;1;9;3
10139;1;6;7
10140;1;9;1
10141;1;15;5
10142;1;5;5
10143;1;5;16
10145;1;4;1
10148;1;5;1
10149;1;13;2
10150;1;16;13
10151;1;11;16
10152;1;1;24
10153;1;9;3
10154;1;4;4
10155;1;6;7
10156;1;8;13
10157;1;3;20
10158;1;6;9
10161;1;7;4
10162;1;7;2
10163;1;11;5
10165;1;6;16
10166;1;6;1
10167;1;11;5
10168;1;9;8
10169;1;12;4
10170;1;7;27
10171;1;5;8
10172;1;13;3
10173;1;9;48
10174;1;2;3
10175;1;2;3
10176;1;6;7
10177;1;5;6
10178;1;16;12
10179;1;9;20
10180;1;7;17
10181;1;3;9
10182;1;5;13
10183;1;3;13
10184;1;3;4
10185;1;5;59
10186;1;3;3
10188;1;14;6
10190;1;9;3
10191;1;2;8
10193;1;8;26
10194;1;8;10
10196;1;9;1
10197;1;16;1
10198;1;15;9
10199;1;5;1
10204;1;7;20
10205;1;8;7
10206;1;11;7
10207;1;12;5
10209;1;15;10
10211;1;7;10
10212;1;13;6
10214;1;6;13
10215;1;9;8
10217;1;8;15
10218;1;3;18
10219;1;8;2
10220;1;7;9
10221;1;12;14
10223;1;11;3
10224;1;15;9
10225;1;14;1
10226;1;10;25
10228;1;3;48
10229;1;9;10
10230;1;7;8
10232;1;9;13
10233;1;9;62
10234;1;5;3
10235;1;10;32
10236;1;13;7
10237;1;3;19
10238;1;2;1
10239;1;5;23
10240;1;16;5
10241;1;9;21
10243;1;5;65
10244;1;6;9
10245;1;9;42
10246;1;11;9
10247;1;8;2
10248;1;8;6
10249;1;13;8
10251;1;2;7
10252;1;9;22
10255;1;11;17
10256;1;8;41
10257;1;9;20
10258;1;5;6
10259;1;15;2
10260;1;9;4
10261;1;14;2
10262;1;5;21
10263;1;6;15
10264;1;12;11
10265;1;9;37
10266;1;8;37
10267;1;9;23
10268;1;8;42
10269;1;14;5
10270;1;8;9
10271;1;1;6
10272;1;9;3
10274;1;13;5
10276;1;3;10
10277;1;8;2
10278;1;12;3
10280;1;7;17
10281;1;9;32
10282;1;11;2
10283;1;1;3
10284;1;6;3
10285;1;2;8
10288;1;12;2
10289;1;11;1
10292;1;5;6
10293;1;6;21
10294;1;7;9
10295;1;8;9
10296;1;9;46
10297;1;9;34
10298;1;3;7
10299;1;6;17
10300;1;8;10
10301;1;5;3
10304;1;5;19
10305;1;5;8
10306;1;13;8
10307;1;9;26
10308;1;1;17
10309;1;1;16
10310;1;1;2
10312;1;5;5
10313;1;9;23
10315;1;1;3
10316;1;6;8
10317;1;9;19
10318;1;5;1
10320;1;6;44
10323;1;7;18
10324;1;5;12
10326;1;8;14
10327;1;12;15
10329;1;7;1
10331;1;6;11
10332;1;9;28
10333;1;15;4
10334;1;12;5
10335;1;8;5
10336;1;8;17
10337;1;12;2
10338;1;9;47
10340;1;3;22
10341;1;9;20
10342;1;5;3
10343;1;3;31
10346;1;5;3
10347;1;1;26
10348;1;7;15
10349;1;10;8
10351;1;8;1
10352;1;7;1
10353;1;3;18
10354;1;7;6
10355;1;16;5
10356;1;5;28
10357;1;9;34
10360;1;5;61
10361;1;12;8
10362;1;8;35
10363;1;6;31
10365;1;8;34
10367;1;10;6
10368;1;5;3
10369;1;10;13
10371;1;6;20
10372;1;7;35
10373;1;6;31
10374;1;8;7
10375;1;8;6
10376;1;6;4
10378;1;9;6
10381;1;5;31
10382;1;10;26
10384;1;6;33
10385;1;7;6
10386;1;8;24
10388;1;9;3
10391;1;15;1
10392;1;5;2
10393;1;2;5
10394;1;15;9
10395;1;9;24
10396;1;9;44
10398;1;9;5
10399;1;12;4
10400;1;16;5
10402;1;7;1
10403;1;1;12
10404;1;3;1
10406;1;1;4
10408;1;9;16
10409;1;6;1
10410;1;16;5
10411;1;8;10
10412;1;7;1
10413;1;5;3
10414;1;11;7
10416;1;5;21
10417;1;3;29
10418;1;9;9
10419;1;10;1
10420;1;5;26
10421;1;7;1
10422;1;5;4
10423;1;5;12
10425;1;15;1
10427;1;7;3
10428;1;6;9
10429;1;10;3
10430;1;12;7
10431;1;8;4
10433;1;9;2
10434;1;16;6
10436;1;9;11
10438;1;9;10
10439;1;16;3
10440;1;9;21
10441;1;3;44
10444;1;8;1
10445;1;3;38
10446;1;3;5
10447;1;5;7
10448;1;9;5
10449;1;5;64
10450;1;2;3
10453;1;5;16
10454;1;6;24
10455;1;6;7
10456;1;6;15
10457;1;5;36
10458;1;9;14
10459;1;5;4
10460;1;14;8
10461;1;9;5
10462;1;11;13
10464;1;9;5
10465;1;9;8
10468;1;5;22
10470;1;14;12
10471;1;5;25
10472;1;9;40
10473;1;6;5
10474;1;9;10
10475;1;9;10
10476;1;16;11
10477;1;9;8
10478;1;9;25
10479;1;9;26
10480;1;16;6
10481;1;8;23
10482;1;10;4
10485;1;3;5
10487;1;9;42
10488;1;11;7
10489;1;3;4
10491;1;6;34
10493;1;5;25
10494;1;14;9
10497;1;16;7
10499;1;5;39
10500;1;8;8
10502;1;11;5
10503;1;2;9
10504;1;8;32
10505;1;11;2
10506;1;16;2
10507;1;3;45
10508;1;5;11
10511;1;14;11
10512;1;7;16
10513;1;15;5
10514;1;5;27
10516;1;3;51
10517;1;9;5
10518;1;11;8
10519;1;7;26
10520;1;6;1
10521;1;10;4
10522;1;8;19
10523;1;3;3
10524;1;10;8
10525;1;7;14
10526;1;6;6
10529;1;14;11
10531;1;2;4
10532;1;16;8
10533;1;14;4
10534;1;3;15
10535;1;9;6
10536;1;3;8
10537;1;6;40
10538;1;7;22
10539;1;11;1
10540;1;3;4
10543;1;8;7
10546;1;10;4
10547;1;9;33
10548;1;9;46
10549;1;5;19
10554;1;15;4
10556;1;9;19
10559;1;7;3
10560;1;9;2
10561;1;11;4
10564;1;9;7
10566;1;9;10
10567;1;5;16
10568;1;3;59
10569;1;1;1
10570;1;3;24
10571;1;8;20
10572;1;6;37
10574;1;5;5
10578;1;11;13
10580;1;9;11
10583;1;9;51
10584;1;3;24
10585;1;8;14
10586;1;9;4
10588;1;10;23
10589;1;10;10
10590;1;11;11
10591;1;9;24
10592;1;9;7
10593;1;3;2
10594;1;6;2
10595;1;3;15
10597;1;5;58
10598;1;16;5
10599;1;13;5
10601;1;3;2
10603;1;9;1
10604;1;4;3
10605;1;2;8
10606;1;10;8
10607;1;10;9
10608;1;5;12
10609;1;13;3
10610;1;4;3
10615;1;5;25
10616;1;7;6
10618;1;8;22
10619;1;6;21
10620;1;10;3
10621;1;5;27
10625;1;5;54
10628;1;14;9
10629;1;5;33
10630;1;9;13
10632;1;5;37
10633;1;8;13
10634;1;3;2
10635;1;9;20
10637;1;6;8
10638;1;1;1
10640;1;3;16
10642;1;2;6
10643;1;3;16
10644;1;11;7
10645;1;9;47
10646;1;1;3
10647;1;11;3
10650;1;6;32
10653;1;6;2
10654;1;2;7
10655;1;5;9
10656;1;6;8
10657;1;3;58
10658;1;4;5
10659;1;9;11
10660;1;8;55
10662;1;6;20
10663;1;16;3
10665;1;9;1
10667;1;5;28
10668;1;7;4
10669;1;13;5
10670;1;5;5
10672;1;1;1
10673;1;9;27
10675;1;16;2
10676;1;11;12
10677;1;5;24
10678;1;11;13
10679;1;1;8
10680;1;8;45
10685;1;3;5
10687;1;3;19
10690;1;6;23
10691;1;9;4
10692;1;6;11
10694;1;3;18
10695;1;7;7
10696;1;16;5
10698;1;13;2
10699;1;15;5
10700;1;9;9
10701;1;5;60
10702;1;4;2
10704;1;7;3
10706;1;6;1
10707;1;6;19
10709;1;7;9
10711;1;8;3
10713;1;5;40
10715;1;3;3
10716;1;12;6
10717;1;5;29
10718;1;5;12
10719;1;3;8
10720;1;9;8
10722;1;6;36
10723;1;4;5
10724;1;1;6
10725;1;10;17
10726;1;11;15
10727;1;2;12
10729;1;5;30
10730;1;9;5
10732;1;3;29
10733;1;5;17
10734;1;14;1
10735;1;3;33
10736;1;11;1
10737;1;9;13
10738;1;3;4
10739;1;3;17
10740;1;11;5
10741;1;8;2
10742;1;12;1
10743;1;11;10
10744;1;8;7
10746;1;15;10
10750;1;5;1
10751;1;15;1
10752;1;10;3
10755;1;5;48
10756;1;5;68
10757;1;6;25
10758;1;13;3
10760;1;9;4
10761;1;9;34
10763;1;6;1
10764;1;8;7
10765;1;14;14
10766;1;10;1
10767;1;9;11
10768;1;9;2
10770;1;1;7
10772;1;12;1
10773;1;8;3
10774;1;9;7
10775;1;6;29
10777;1;6;5
10778;1;3;50
10779;1;5;52
10781;1;7;18
10782;1;6;6
10783;1;6;12
10784;1;7;25
10785;1;9;23
10786;1;5;10
10787;1;8;2
10788;1;8;31
10789;1;8;1
10790;1;12;9
10791;1;8;6
10792;1;9;23
10794;1;5;49
10795;1;7;9
10796;1;10;7
10797;1;3;23
10798;1;9;15
10799;1;9;21
10802;1;7;3
10806;1;10;3
10807;1;11;10
10810;1;8;4
10811;1;6;1
10812;1;7;23
10813;1;6;4
10814;1;16;13
10816;1;9;61
10818;1;16;12
10819;1;11;6
10820;1;16;13
10822;1;9;36
10823;1;7;12
10824;1;7;19
10825;1;9;23
10826;1;8;2
10827;1;6;6
10829;1;5;58
10830;1;5;49
10832;1;9;51
10833;1;7;1
10834;1;7;5
10835;1;12;1
10837;1;9;58
10838;1;5;4
10839;1;5;18
10840;1;8;15
10841;1;5;9
10842;1;9;14
10843;1;11;1
10846;1;3;40
10848;1;7;19
10850;1;12;5
10851;1;7;4
10852;1;1;2
10853;1;10;5
10854;1;5;5
10857;1;7;5
10859;1;13;6
10860;1;3;13
10861;1;8;9
10862;1;5;5
10863;1;5;1
10865;1;8;12
10867;1;11;2
10868;1;8;12
10870;1;8;61
10871;1;16;15
10872;1;5;14
10873;1;9;12
10875;1;9;18
10876;1;5;20
10878;1;7;4
10879;1;3;44
10880;1;11;7
10882;1;1;2
10883;1;4;4
10884;1;8;27
10886;1;14;4
10887;1;6;5
10890;1;5;38
10891;1;9;13
10892;1;11;6
10897;1;2;2
10898;1;9;43
10900;1;1;15
10901;1;7;33
10902;1;9;12
10903;1;8;57
10905;1;9;28
10906;1;6;3
10907;1;11;11
10908;1;5;7
10909;1;8;11
10910;1;12;1
10911;1;9;29
10913;1;9;18
10914;1;11;14
10915;1;5;4
10916;1;9;15
10919;1;13;4
10920;1;8;63
10921;1;13;3
10922;1;6;1
10924;1;9;20
10925;1;13;6
10926;1;7;20
10927;1;7;9
10929;1;2;6
10930;1;3;9
10932;1;9;10
10933;1;9;5
10934;1;10;4
10935;1;10;2
10937;1;9;4
10938;1;9;15
10939;1;6;23
10940;1;1;6
10942;1;10;11
10943;1;3;46
10944;1;5;6
10945;1;8;1
10946;1;5;6
10947;1;14;13
10948;1;9;24
10949;1;6;23
10950;1;6;6
10951;1;12;9
10952;1;5;25
10953;1;12;1
10954;1;3;4
10955;1;9;19
10956;1;11;3
10957;1;11;2
10958;1;3;8
10959;1;6;7
10960;1;5;7
10961;1;9;18
10962;1;8;19
10963;1;1;6
10965;1;9;25
10966;1;4;2
10968;1;9;3
10969;1;3;2
10971;1;11;2
10972;1;6;27
10973;1;5;22
10975;1;6;32
10976;1;6;5
10977;1;3;34
10978;1;16;4
10980;1;9;25
10981;1;3;1
10982;1;12;4
10983;1;4;5
10984;1;5;35
10987;1;10;14
10988;1;11;1
10989;1;5;7
10990;1;3;49
10991;1;9;27
10992;1;3;15
10993;1;2;10
10994;1;1;23
10996;1;9;12
10997;1;9;30
10999;1;11;9
11000;1;9;12
11001;1;12;3
11002;1;9;28
11003;1;7;6
11004;1;1;11
11005;1;6;35
11006;1;4;2
11007;1;1;1
11008;1;4;2
11009;1;11;11
11010;1;9;3
11011;1;5;2
11015;1;7;21
11016;1;9;4
11017;1;9;7
11018;1;7;10
11019;1;3;10
11020;1;9;10
11021;1;4;3
11022;1;12;4
11023;1;5;18
11024;1;10;18
11025;1;8;52
11026;1;10;27
11028;1;9;24
11030;1;5;5
11033;1;8;50
11034;1;8;3
11035;1;8;5
11036;1;9;3
11037;1;12;9
11038;1;15;4
11039;1;1;2
11040;1;6;22
11044;1;6;3
11045;1;9;54
11046;1;5;9
11047;1;9;2
11049;1;5;20
11050;1;10;3
11051;1;5;1
11053;1;16;5
11054;1;5;18
11055;1;2;6
11056;1;1;27
11057;1;6;1
11058;1;2;7
11059;1;5;1
11062;1;3;21
11063;1;9;30
11065;1;1;10
11069;1;8;47
11074;1;7;2
11075;1;3;6
11076;1;16;3
11079;1;8;6
11080;1;12;4
11081;1;1;1
11082;1;11;4
11083;1;8;10
11084;1;9;31
11085;1;4;1
11086;1;2;2
11088;1;12;2
11089;1;8;54
11090;1;5;28
11092;1;9;32
11093;1;9;40
11094;1;9;38
11095;1;10;2
11096;1;5;8
11098;1;7;32
11099;1;7;1
11100;1;7;8
11101;1;7;4
11102;1;9;20
11103;1;9;4
11104;1;9;35
11105;1;8;3
11106;1;5;11
11107;1;2;5
11108;1;7;7
11109;1;5;31
11112;1;4;3
11113;1;5;62
11114;1;12;2
11115;1;9;52
11116;1;8;2
11118;1;9;28
11119;1;16;1
11121;1;8;15
11122;1;10;22
11123;1;12;10
11125;1;8;36
11126;1;1;5
11127;1;9;29
11129;1;1;5
11131;1;1;13
11132;1;6;36
11134;1;9;8
11136;1;5;5
11137;1;6;8
11138;1;12;5
11139;1;3;9
11141;1;2;5
11143;1;11;8
11144;1;10;20
11147;1;2;9
11148;1;10;11
11151;1;13;1
11152;1;11;2
11153;1;5;55
11154;1;9;7
11155;1;6;42
11157;1;11;3
11158;1;7;26
11159;1;6;11
11160;1;3;9
11161;1;9;55
11162;1;5;17
11164;1;5;11
11165;1;5;4
11166;1;3;4
11167;1;6;2
11169;1;11;1
11170;1;9;9
11171;1;2;1
11173;1;13;4
11174;1;7;8
11175;1;5;31
11176;1;1;1
11180;1;12;6
11181;1;12;4
11182;1;15;4
11184;1;6;25
11185;1;10;7
11187;1;8;5
11188;1;9;2
11189;1;6;6
11190;1;6;27
11191;1;7;9
11192;1;9;30
11193;1;8;6
11194;1;5;69
11195;1;5;12
11196;1;16;10
11197;1;9;33
11198;1;2;3
11199;1;9;19
11200;1;1;5
11202;1;13;6
11203;1;8;31
11204;1;9;11
11205;1;9;2
11207;1;3;28
11209;1;3;32
11211;1;9;34
11212;1;5;3
11213;1;13;6
11214;1;5;55
11216;1;5;11
11217;1;8;62
11218;1;9;5
11219;1;9;1
11221;1;9;7
11224;1;5;51
11225;1;9;56
11228;1;9;6
11229;1;16;10
11230;1;5;10
11231;1;9;26
11233;1;9;31
11234;1;4;1
11235;1;5;26
11236;1;1;3
11237;1;9;35
11238;1;6;7
11239;1;7;22
11240;1;5;9
11241;1;9;7
11242;1;6;33
11243;1;5;63
11244;1;10;19
11245;1;11;9
11246;1;6;14
11247;1;3;52
11248;1;12;10
11249;1;3;43
11250;1;1;28
11251;1;7;13
11252;1;9;13
11254;1;14;6
11255;1;6;16
11256;1;5;31
11257;1;9;6
11261;1;12;4
11265;1;9;3
11267;1;12;2
11268;1;14;5
11269;1;15;3
11271;1;7;11
11272;1;6;34
11273;1;6;30
11274;1;10;12
11276;1;7;3
11278;1;10;12
11279;1;12;3
11280;1;6;4
11281;1;6;22
11282;1;13;2
11283;1;12;1
11284;1;12;5
11286;1;15;7
11287;1;6;9
11289;1;6;25
11290;1;3;34
11291;1;5;10
11292;1;9;53
11293;1;3;3
11294;1;9;32
11296;1;5;20
11298;1;5;11
11299;1;8;5
11300;1;5;9
11302;1;9;8
11303;1;9;49
11304;1;5;4
11305;1;8;2
11306;1;7;13
11308;1;5;4
11309;1;5;14
11311;1;9;24
11312;1;11;2
11313;1;5;10
11315;1;8;19
11316;1;11;2
11317;1;11;2
11318;1;16;5
11320;1;11;12
11322;1;9;44
11323;1;9;12
11324;1;5;8
11325;1;8;35
11326;1;15;6
11327;1;3;8
11328;1;2;1
11330;1;8;11
11331;1;9;46
11332;1;3;14
11336;1;9;15
11337;1;10;24
11338;1;16;4
11339;1;6;17
11340;1;13;4
11344;1;4;4
11345;1;3;5
11346;1;7;5
11347;1;7;3
11348;1;9;6
11350;1;9;17
11351;1;16;2
11352;1;16;12
11353;1;12;8
11355;1;8;13
11356;1;9;49
11357;1;5;39
11358;1;7;12
11359;1;3;25
11362;1;5;46
11363;1;5;19
11365;1;2;6
11366;1;9;58
11367;1;10;5
11369;1;16;4
11370;1;3;2
11371;1;14;1
11372;1;7;31
11374;1;5;2
11375;1;9;2
11376;1;9;1
11377;1;7;8
11378;1;11;8
11379;1;8;6
11380;1;6;2
11382;1;15;6
11383;1;16;3
11385;1;9;21
11388;1;5;23
11389;1;3;33
11392;1;7;13
11393;1;8;10
11394;1;1;20
11396;1;3;22
11397;1;10;5
11398;1;5;39
11399;1;9;3
11400;1;9;10
11402;1;5;42
11403;1;6;3
11404;1;10;21
11405;1;11;3
11410;1;2;1
11411;1;3;35
11412;1;6;28
11413;1;1;2
11414;1;8;7
11415;1;15;7
11416;1;12;7
11417;1;9;50
11419;1;8;44
11420;1;8;5
11421;1;5;57
11422;1;12;2
11424;1;3;5
11426;1;8;5
11427;1;8;36
11428;1;4;3
11429;1;15;2
11430;1;5;4
11431;1;1;1
11432;1;9;7
11433;1;1;29
11435;1;9;37
11436;1;3;12
11437;1;7;10
11438;1;11;8
11439;1;8;7
11440;1;3;17
11441;1;6;24
11442;1;16;8
11443;1;9;3
11444;1;5;13
11445;1;8;8
11446;1;8;34
11447;1;14;8
11448;1;9;9
11449;1;9;11
11452;1;7;5
11455;1;8;43
11458;1;3;5
11459;1;9;11
11460;1;9;15
11462;1;15;12
11463;1;5;34
11464;1;13;1
11465;1;14;11
11468;1;7;5
11469;1;3;24
11470;1;10;7
11471;1;16;11
11472;1;2;6
11474;1;1;16
11475;1;9;9
11476;1;8;17
11477;1;5;14
11478;1;11;1
11479;1;6;24
11481;1;7;23
11483;1;8;6
11484;1;8;1
11485;1;5;26
11487;1;8;21
11488;1;6;39
11489;1;9;48
11491;1;9;6
11492;1;9;2
11493;1;9;10
11494;1;5;42
11495;1;8;14
11496;1;4;5
11497;1;15;3
11498;1;10;16
11499;1;11;5
11500;1;3;35
11501;1;16;10
11502;1;7;7
11503;1;10;2
11504;1;7;11
11506;1;7;2
11508;1;7;25
11510;1;10;12
11513;1;11;9
11514;1;5;13
11515;1;8;56
11517;1;16;1
11518;1;2;8
11519;1;10;15
11520;1;11;6
11523;1;9;23
11524;1;8;13
11525;1;3;11
11527;1;13;5
11529;1;9;37
11531;1;11;6
11533;1;8;16
11534;1;15;3
11535;1;8;25
11537;1;11;10
11538;1;14;2
11539;1;14;10
11540;1;16;3
11541;1;2;1
11542;1;8;20
11543;1;6;39
11545;1;8;8
11547;1;13;12
11549;1;7;18
11550;1;1;17
11551;1;16;3
11552;1;10;2
11553;1;3;33
11554;1;9;11
11556;1;5;70
11557;1;9;3
11559;1;12;7
11560;1;5;5
11561;1;6;23
11563;1;9;42
11564;1;3;11
11565;1;9;3
11567;1;11;4
11568;1;5;73
11569;1;9;40
11570;1;3;4
11572;1;9;38
11573;1;5;17
11574;1;16;1
11575;1;13;4
11577;1;2;4
11578;1;6;12
11580;1;12;7
11581;1;11;6
11582;1;1;12
11583;1;14;13
11584;1;12;2
11585;1;15;10
11586;1;6;10
11587;1;11;10
11589;1;7;7
11591;1;14;6
11592;1;10;5
11593;1;8;3
11594;1;9;55
11595;1;9;6
11596;1;9;39
11597;1;2;5
11598;1;5;3
11599;1;5;2
11601;1;14;3
11602;1;9;29
11603;1;3;47
11604;1;9;7
11605;1;7;30
11607;1;14;5
11608;1;3;57
11609;1;9;4
11610;1;5;28
11612;1;6;31
11614;1;16;8
11617;1;4;2
11618;1;3;21
11620;1;7;24
11622;1;5;7
11624;1;3;5
11626;1;5;2
11627;1;9;41
11628;1;9;29
11629;1;9;2
11630;1;8;16
11631;1;9;34
11634;1;5;57
11639;1;9;43
11640;1;1;8
11641;1;15;11
11645;1;3;31
11646;1;1;25
11647;1;9;21
11648;1;5;2
11649;1;3;3
11651;1;9;2
11652;1;8;16
11653;1;10;6
11654;1;8;46
11655;1;7;20
11656;1;6;9
11659;1;16;11
11661;1;6;22
11662;1;9;9
11663;1;5;44
11665;1;12;3
11666;1;14;4
11668;1;4;8
11669;1;10;5
11670;1;2;7
11671;1;9;8
11673;1;8;4
11675;1;7;28
11676;1;5;7
11677;1;8;9
11679;1;8;10
11680;1;9;2
11681;1;8;60
11682;1;6;30
11683;1;8;48
11684;1;6;9
11685;1;5;11
11686;1;16;14
11688;1;5;9
11689;1;16;2
11690;1;10;6
11691;1;7;13
11692;1;7;7
11695;1;9;44
11696;1;7;4
11698;1;8;10
11699;1;12;1
11701;1;3;20
11702;1;7;13
11703;1;9;14
11705;1;7;12
11707;1;9;39
11709;1;8;51
11710;1;15;6
11711;1;9;9
11713;1;7;3
11714;1;16;6
11715;1;8;11
11717;1;13;1
11718;1;9;3
11719;1;5;53
11721;1;8;8
11724;1;6;35
11725;1;6;5
11726;1;9;39
11730;1;1;8
11731;1;4;6
11733;1;9;33
11734;1;15;4
11737;1;13;11
11739;1;5;23
11740;1;8;9
11741;1;8;6
11742;1;3;16
11744;1;3;7
11745;1;4;1
11747;1;8;3
11748;1;2;6
11749;1;2;3
11751;1;14;10
11752;1;9;12
11753;1;9;6
11754;1;13;9
11755;1;6;37
11756;1;6;38
11757;1;9;59
11758;1;12;6
11760;1;10;4
11761;1;5;15
11764;1;6;13
11765;1;7;15
11766;1;9;22
11767;1;6;4
11768;1;8;23
11769;1;4;2
11770;1;5;71
11771;1;13;1
11773;1;9;18
11774;1;9;18
11776;1;9;51
11777;1;8;24
11778;1;5;1
11779;1;13;6
11782;1;1;12
11783;1;5;6
11784;1;3;1
11785;1;11;1
11786;1;10;21
11787;1;3;36
11788;1;7;7
11790;1;1;8
11793;1;11;10
11794;1;1;4
11795;1;12;2
11796;1;6;10
11797;1;9;2
11798;1;9;35
11799;1;7;6
11800;1;3;18
11801;1;10;9
11802;1;3;7
11804;1;3;12
11805;1;11;9
11806;1;9;56
11808;1;2;4
11809;1;11;3
11810;1;11;9
11811;1;11;5
11813;1;5;56
11815;1;9;46
11816;1;1;7
11819;1;8;6
11820;1;6;26
11821;1;9;35
11822;1;3;54
11823;1;5;47
11825;1;3;26
11826;1;14;7
11828;1;6;11
11830;1;3;11
11833;1;9;21
11834;1;12;2
11835;1;9;41
11836;1;8;49
11838;1;15;8
11841;1;7;1
11842;1;7;4
11843;1;5;50
11844;1;3;12
11845;1;11;5
11846;1;14;8
11847;1;6;19
11848;1;13;3
11849;1;8;4
11850;1;5;24
11851;1;2;1
11852;1;14;14
11853;1;1;5
11854;1;12;7
11855;1;11;3
11856;1;16;1
11857;1;4;3
11858;1;8;40
11859;1;10;5
11860;1;14;2
11861;1;9;4
11864;1;1;8
11867;1;13;2
11868;1;12;10
11869;1;12;3
11870;1;7;6
11872;1;2;5
11873;1;15;3
11874;1;9;11
11875;1;10;4
11878;1;5;5
11879;1;10;5
11880;1;13;2
11881;1;5;2
11882;1;10;11
11883;1;11;5
11884;1;8;53
11885;1;8;27
11887;1;16;6
11888;1;12;10
11890;1;15;3
11891;1;7;14
11893;1;15;4
11894;1;5;2
11896;1;8;30
11897;1;5;44
11898;1;9;4
11900;1;9;19
11901;1;9;36
11903;1;3;47
11904;1;10;10
11906;1;9;1
11907;1;6;5
11908;1;6;40
11909;1;7;12
11912;1;5;45
11913;1;1;21
11915;1;9;11
11916;1;3;20
11917;1;11;4
11918;1;8;1
11919;1;6;33
11920;1;6;16
11921;1;4;6
11922;1;9;48
11923;1;8;25
11924;1;6;26
11926;1;16;14
11927;1;3;53
11928;1;9;32
11929;1;9;49
11931;1;9;1
11932;1;11;14
11933;1;9;36
11934;1;7;15
11936;1;11;2
11937;1;7;14
11940;1;11;2
11942;1;16;7
11944;1;9;12
11945;1;12;4
11946;1;8;25
11947;1;13;1
11948;1;7;7
11949;1;1;23
11950;1;5;32
11951;1;8;9
11952;1;14;13
11953;1;8;11
11954;1;5;4
11955;1;14;8
11956;1;6;38
11959;1;9;49
11960;1;2;5
11961;1;15;5
11963;1;8;12
11964;1;3;23
11965;1;9;11
11966;1;11;8
11967;1;6;12
11968;1;12;4
11970;1;3;1
11971;1;7;23
11972;1;6;1
11973;1;4;2
11974;1;7;5
11975;1;5;45
11976;1;15;7
11977;1;3;4
11978;1;11;2
11981;1;14;4
11982;1;16;2
11983;1;9;37
11984;1;9;5
11987;1;7;8
11988;1;7;6
11990;1;3;8
11991;1;8;8
11992;1;6;6
11994;1;9;38
11995;1;7;2
11997;1;9;25
11998;1;2;4
11999;1;7;21
12001;1;9;18
12002;1;9;16
12003;1;3;2
12004;1;9;2
12005;1;9;50
12006;1;1;4
12008;1;2;9
12009;1;3;48
12010;1;6;30
12011;1;9;39
12013;1;1;10
12014;1;9;6
12015;1;3;40
12016;1;13;10
12017;1;3;30
12018;1;5;1
12021;1;4;4
12022;1;5;22
12023;1;11;12
12025;1;5;3
12026;1;5;3
12027;1;5;51
12028;1;5;33
12029;1;2;4
12030;1;6;14
12031;1;3;42
12037;1;9;22
12038;1;3;29
12041;1;3;14
12042;1;6;8
12044;1;12;12
12045;1;8;17
12046;1;5;13
12047;1;9;25
12048;1;12;13
12049;1;11;7
12050;1;12;5
12051;1;8;8
12052;1;7;2
12053;1;9;50
12056;1;12;7
12058;1;6;21
12059;1;9;31
12060;1;14;5
12061;1;5;2
12062;1;2;2
12063;1;14;11
12064;1;7;40
12065;1;6;12
12066;1;6;7
12068;1;8;21
12069;1;9;15
12070;1;14;2
12071;1;8;18
12073;1;5;23
