Election_Id;Person_Id;Wahlkreis_Id
1;1;158
1;10;68
1;19;15
1;28;256
1;32;116
1;46;297
1;48;182
1;55;281
1;56;16
1;64;258
1;72;209
1;76;125
1;79;262
1;83;4
1;92;296
1;101;204
1;110;236
1;115;248
1;116;224
1;122;260
1;125;130
1;140;248
1;144;52
1;146;295
1;151;208
1;154;16
1;157;224
1;158;269
1;162;172
1;169;116
1;188;165
1;197;161
1;205;55
1;207;95
1;210;137
1;211;136
1;221;56
1;229;273
1;230;35
1;231;68
1;232;291
1;234;64
1;239;162
1;242;259
1;253;281
1;264;255
1;276;232
1;278;173
1;279;51
1;287;239
1;293;10
1;296;106
1;308;265
1;310;271
1;314;274
1;316;260
1;320;95
1;331;96
1;333;201
1;340;17
1;342;5
1;343;194
1;344;117
1;348;14
1;361;208
1;364;45
1;366;57
1;381;264
1;398;107
1;402;101
1;414;37
1;415;10
1;417;159
1;421;175
1;427;217
1;430;89
1;435;149
1;438;268
1;443;174
1;447;126
1;452;69
1;453;226
1;464;132
1;481;206
1;487;29
1;489;255
1;493;147
1;497;185
1;498;180
1;501;85
1;504;275
1;507;108
1;508;111
1;516;143
1;531;217
1;533;43
1;544;122
1;546;186
1;547;124
1;553;136
1;560;22
1;561;277
1;574;110
1;578;74
1;583;26
1;589;53
1;590;141
1;591;150
1;594;278
1;595;141
1;601;140
1;602;131
1;614;149
1;633;255
1;646;51
1;648;157
1;654;292
1;664;290
1;672;235
1;678;109
1;679;226
1;685;288
1;687;43
1;691;94
1;693;97
1;697;118
1;706;130
1;714;120
1;730;284
1;734;166
1;738;226
1;740;218
1;744;24
1;748;8
1;752;268
1;757;120
1;765;41
1;769;46
1;770;23
1;772;242
1;773;148
1;777;115
1;784;135
1;810;124
1;814;100
1;819;241
1;825;281
1;829;250
1;831;239
1;834;211
1;837;280
1;840;176
1;843;27
1;845;217
1;848;252
1;851;128
1;859;177
1;861;283
1;862;20
1;865;170
1;870;154
1;872;83
1;874;49
1;875;248
1;881;30
1;883;296
1;886;254
1;891;281
1;892;183
1;902;22
1;911;221
1;913;257
1;918;98
1;929;100
1;942;254
1;954;298
1;968;151
1;972;110
1;983;111
1;988;33
1;989;239
1;999;218
1;1001;9
1;1003;140
1;1011;200
1;1014;71
1;1018;280
1;1023;299
1;1030;50
1;1034;9
1;1047;228
1;1063;220
1;1068;212
1;1071;183
1;1072;121
1;1084;166
1;1088;126
1;1089;276
1;1093;292
1;1099;266
1;1101;119
1;1111;197
1;1129;241
1;1135;56
1;1147;219
1;1149;26
1;1151;219
1;1153;271
1;1159;169
1;1188;106
1;1191;36
1;1193;109
1;1202;280
1;1203;33
1;1204;123
1;1206;37
1;1207;259
1;1210;29
1;1211;279
1;1215;261
1;1222;86
1;1224;189
1;1232;252
1;1252;85
1;1260;150
1;1266;13
1;1275;63
1;1279;290
1;1281;230
1;1284;9
1;1293;222
1;1301;119
1;1329;277
1;1331;104
1;1337;179
1;1341;206
1;1354;216
1;1355;133
1;1362;121
1;1363;230
1;1370;165
1;1375;172
1;1391;150
1;1394;170
1;1399;243
1;1401;46
1;1402;199
1;1406;216
1;1411;39
1;1412;70
1;1417;80
1;1420;196
1;1422;163
1;1424;253
1;1431;189
1;1432;114
1;1441;75
1;1445;147
1;1447;258
1;1450;113
1;1453;88
1;1458;219
1;1461;262
1;1467;102
1;1468;238
1;1479;89
1;1481;121
1;1486;210
1;1488;192
1;1495;111
1;1500;81
1;1505;298
1;1517;103
1;1520;121
1;1523;190
1;1528;167
1;1530;141
1;1537;207
1;1541;118
1;1542;153
1;1547;265
1;1562;281
1;1570;222
1;1571;218
1;1577;234
1;1581;33
1;1587;287
1;1589;25
1;1596;181
1;1606;296
1;1609;248
1;1611;252
1;1625;88
1;1634;85
1;1644;44
1;1657;274
1;1659;179
1;1669;202
1;1679;107
1;1680;74
1;1683;293
1;1684;144
1;1693;1
1;1695;113
1;1710;275
1;1711;287
1;1717;210
1;1723;26
1;1724;267
1;1729;145
1;1734;161
1;1739;19
1;1742;220
1;1749;227
1;1758;247
1;1761;27
1;1765;135
1;1771;143
1;1782;232
1;1785;97
1;1789;52
1;1790;4
1;1808;143
1;1810;285
1;1813;258
1;1834;285
1;1849;157
1;1852;41
1;1854;295
1;1858;270
1;1865;279
1;1869;36
1;1873;160
1;1884;214
1;1886;7
1;1887;265
1;1901;42
1;1903;14
1;1909;205
1;1912;149
1;1914;130
1;1916;232
1;1922;23
1;1923;36
1;1924;286
1;1941;180
1;1944;172
1;1945;34
1;1946;54
1;1948;99
1;1952;289
1;1956;75
1;1963;136
1;1967;265
1;1979;296
1;1982;174
1;1983;77
1;1984;58
1;1986;236
1;1994;202
1;1996;12
1;1998;83
1;1999;225
1;2006;66
1;2007;187
1;2012;153
1;2029;72
1;2031;72
1;2032;237
1;2037;271
1;2044;266
1;2046;259
1;2052;237
1;2056;121
1;2061;18
1;2070;79
1;2074;47
1;2077;82
1;2080;158
1;2083;279
1;2087;167
1;2089;110
1;2090;91
1;2102;120
1;2103;114
1;2107;59
1;2110;225
1;2113;217
1;2116;21
1;2117;266
1;2121;153
1;2127;161
1;2128;93
1;2131;63
1;2139;99
1;2142;67
1;2143;89
1;2144;286
1;2153;143
1;2154;191
1;2162;52
1;2163;177
1;2167;160
1;2173;188
1;2174;274
1;2176;141
1;2179;155
1;2184;249
1;2187;269
1;2189;55
1;2191;254
1;2195;298
1;2201;209
1;2206;193
1;2211;157
1;2212;154
1;2216;76
1;2220;83
1;2230;206
1;2237;191
1;2240;194
1;2248;15
1;2256;163
1;2257;224
1;2261;43
1;2269;77
1;2270;2
1;2275;59
1;2279;16
1;2281;87
1;2285;71
1;2292;212
1;2296;253
1;2298;267
1;2299;138
1;2301;187
1;2302;70
1;2311;175
1;2313;47
1;2315;87
1;2318;160
1;2328;236
1;2332;38
1;2337;82
1;2351;45
1;2366;298
1;2373;259
1;2375;197
1;2383;116
1;2390;213
1;2397;156
1;2398;266
1;2402;6
1;2417;132
1;2421;78
1;2422;44
1;2427;185
1;2433;60
1;2435;296
1;2437;273
1;2438;279
1;2440;289
1;2442;82
1;2443;35
1;2444;291
1;2463;235
1;2465;213
1;2471;257
1;2478;233
1;2480;272
1;2483;234
1;2484;98
1;2492;28
1;2502;27
1;2507;79
1;2508;15
1;2514;221
1;2530;169
1;2545;236
1;2548;157
1;2549;238
1;2552;40
1;2553;48
1;2561;223
1;2569;122
1;2588;258
1;2592;13
1;2593;220
1;2601;246
1;2602;117
1;2611;118
1;2616;161
1;2621;178
1;2623;190
1;2626;51
1;2628;163
1;2629;256
1;2648;88
1;2653;242
1;2655;18
1;2657;182
1;2658;289
1;2659;107
1;2660;21
1;2669;96
1;2670;116
1;2681;154
1;2683;199
1;2694;291
1;2701;107
1;2723;274
1;2727;54
1;2733;183
1;2743;105
1;2752;10
1;2753;183
1;2759;255
1;2769;73
1;2771;258
1;2776;64
1;2786;54
1;2793;145
1;2799;103
1;2800;45
1;2803;182
1;2810;182
1;2823;227
1;2829;247
1;2867;197
1;2880;167
1;2882;264
1;2891;143
1;2897;194
1;2902;73
1;2906;112
1;2908;107
1;2912;260
1;2915;250
1;2927;113
1;2929;129
1;2933;100
1;2935;38
1;2936;226
1;2947;124
1;2948;135
1;2952;49
1;2955;144
1;2956;151
1;2965;52
1;2968;53
1;2976;230
1;2979;153
1;2985;239
1;2991;245
1;2992;180
1;2998;91
1;3003;115
1;3007;288
1;3011;225
1;3020;28
1;3027;82
1;3028;279
1;3029;275
1;3044;192
1;3053;51
1;3058;214
1;3060;275
1;3064;14
1;3065;69
1;3089;285
1;3096;159
1;3100;293
1;3106;292
1;3107;49
1;3118;181
1;3132;4
1;3149;127
1;3154;206
1;3156;99
1;3170;266
1;3180;290
1;3185;7
1;3211;267
1;3213;156
1;3214;249
1;3221;272
1;3222;55
1;3223;176
1;3224;235
1;3240;174
1;3241;168
1;3253;103
1;3259;24
1;3262;23
1;3271;268
1;3275;176
1;3278;109
1;3280;211
1;3281;141
1;3293;134
1;3296;284
1;3305;47
1;3307;239
1;3312;115
1;3313;291
1;3315;253
1;3322;21
1;3335;6
1;3345;171
1;3348;275
1;3350;234
1;3351;112
1;3357;128
1;3367;4
1;3372;71
1;3375;192
1;3384;275
1;3392;123
1;3394;226
1;3403;46
1;3418;243
1;3419;173
1;3422;141
1;3423;290
1;3426;295
1;3437;162
1;3442;88
1;3460;2
1;3462;193
1;3471;117
1;3472;196
1;3475;267
1;3477;203
1;3479;103
1;3480;183
1;3482;139
1;3483;294
1;3509;156
1;3516;7
1;3518;225
1;3526;165
1;3541;286
1;3542;280
1;3553;149
1;3557;140
1;3558;21
1;3560;222
1;3564;79
1;3570;158
1;3574;142
1;3580;112
1;3583;214
1;3586;282
1;3589;122
1;3594;40
1;3596;134
1;3597;262
1;3602;219
1;3606;288
1;3609;133
1;3613;279
1;3629;254
1;3632;12
1;3633;39
1;3634;222
1;3635;280
1;3641;93
1;3644;158
1;3655;191
1;3660;78
1;3661;208
1;3670;171
1;3675;55
1;3683;236
1;3685;263
1;3688;218
1;3691;73
1;3693;262
1;3695;161
1;3697;87
1;3699;233
1;3704;174
1;3710;79
1;3717;125
1;3720;251
1;3727;39
1;3728;90
1;3730;257
1;3742;55
1;3752;242
1;3755;215
1;3763;181
1;3769;196
1;3772;7
1;3774;78
1;3777;15
1;3787;59
1;3788;14
1;3790;183
1;3793;105
1;3795;40
1;3808;227
1;3809;61
1;3824;74
1;3830;208
1;3832;110
1;3846;8
1;3849;257
1;3850;130
1;3853;230
1;3861;181
1;3862;12
1;3864;223
1;3868;267
1;3869;84
1;3870;78
1;3873;133
1;3877;58
1;3878;66
1;3880;278
1;3883;83
1;3886;270
1;3896;17
1;3897;121
1;3904;42
1;3905;57
1;3919;195
1;3922;115
1;3941;143
1;3944;8
1;3947;256
1;3958;154
1;3964;193
1;3968;123
1;3977;103
1;3983;31
1;3986;260
1;4002;54
1;4007;155
1;4016;45
1;4022;221
1;4029;210
1;4039;258
1;4041;161
1;4042;256
1;4043;243
1;4047;174
1;4054;153
1;4057;168
1;4069;161
1;4070;150
1;4071;195
1;4074;129
1;4079;258
1;4083;85
1;4086;221
1;4091;126
1;4094;220
1;4097;38
1;4099;151
1;4105;4
1;4115;186
1;4127;275
1;4128;68
1;4131;115
1;4133;221
1;4136;30
1;4137;211
1;4138;216
1;4140;164
1;4156;84
1;4169;191
1;4180;148
1;4183;79
1;4187;264
1;4194;289
1;4195;166
1;4202;244
1;4203;20
1;4213;142
1;4219;283
1;4221;114
1;4227;48
1;4231;271
1;4243;145
1;4251;220
1;4253;154
1;4254;204
1;4269;97
1;4282;290
1;4297;233
1;4308;178
1;4309;7
1;4316;98
1;4333;212
1;4360;6
1;4365;264
1;4366;68
1;4367;159
1;4376;11
1;4377;164
1;4390;163
1;4395;65
1;4414;76
1;4418;57
1;4423;86
1;4437;166
1;4442;103
1;4450;221
1;4451;186
1;9584;216
1;9586;231
1;9587;30
1;9590;174
1;9592;13
1;9594;230
1;9595;224
1;9596;184
1;9598;95
1;9599;2
1;9600;168
1;9602;43
1;9608;299
1;9609;257
1;9610;182
1;9612;224
1;9616;108
1;9617;246
1;9619;127
1;9625;233
1;9626;117
1;9627;20
1;9628;55
1;9632;20
1;9634;71
1;9636;292
1;9637;64
1;9638;198
1;9639;226
1;9640;112
1;9641;144
1;9644;145
1;9649;5
1;9653;13
1;9654;22
1;9658;252
1;9659;234
1;9663;279
1;9665;83
1;9667;289
1;9668;86
1;9669;209
1;9670;297
1;9678;172
1;9679;62
1;9680;106
1;9682;36
1;9683;60
1;9684;152
1;9688;29
1;9689;80
1;9691;170
1;9692;273
1;9694;8
1;9695;218
1;9696;138
1;9698;76
1;9699;245
1;9700;212
1;9702;128
1;9703;73
1;9704;38
1;9705;246
1;9709;77
1;9710;221
1;9712;98
1;9715;232
1;9717;192
1;9719;81
1;9720;198
1;9722;153
1;9725;245
1;9727;263
1;9731;19
1;9734;205
1;9735;22
1;9736;257
1;9737;142
1;9738;221
1;9740;12
1;9741;199
1;9742;187
1;9743;126
1;9744;51
1;9746;41
1;9747;144
1;9748;175
1;9749;226
1;9750;125
1;9752;137
1;9754;219
1;9755;103
1;9756;237
1;9757;84
1;9758;1
1;9759;76
1;9760;48
1;9763;166
1;9764;142
1;9765;283
1;9766;26
1;9768;106
1;9769;15
1;9770;92
1;9771;175
1;9772;15
1;9775;180
1;9776;164
1;9777;46
1;9778;242
1;9782;132
1;9783;216
1;9784;77
1;9787;140
1;9788;208
1;9789;120
1;9790;39
1;9793;107
1;9794;80
1;9797;186
1;9798;221
1;9800;110
1;9802;67
1;9805;66
1;9806;49
1;9810;61
1;9811;12
1;9812;66
1;9813;32
1;9815;7
1;9817;234
1;9818;99
1;9820;45
1;9821;227
1;9825;213
1;9826;290
1;9828;83
1;9829;66
1;9833;285
1;9834;44
1;9836;184
1;9837;12
1;9838;144
1;9839;285
1;9840;285
1;9841;76
1;9842;296
1;9843;229
1;9844;245
1;9850;38
1;9858;80
1;9859;114
1;9860;234
1;9862;249
1;9863;295
1;9866;80
1;9867;271
1;9869;258
1;9870;29
1;9872;41
1;9873;139
1;9874;288
1;9875;240
1;9877;3
1;9881;299
1;9883;98
1;9886;73
1;9888;31
1;9889;63
1;9891;242
1;9893;51
1;9894;90
1;9898;25
1;9900;92
1;9902;266
1;9904;110
1;9905;276
1;9909;283
1;9910;67
1;9911;81
1;9913;202
1;9917;30
1;9919;102
1;9920;94
1;9921;162
1;9922;176
1;9923;212
1;9924;186
1;9927;108
1;9928;241
1;9930;78
1;9931;43
1;9933;33
1;9934;295
1;9935;69
1;9938;132
1;9939;215
1;9941;215
1;9945;31
1;9946;226
1;9947;169
1;9949;241
1;9950;236
1;9952;74
1;9953;74
1;9954;180
1;9957;238
1;9959;227
1;9960;262
1;9963;222
1;9964;118
1;9965;25
1;9966;169
1;9967;60
1;9968;108
1;9969;53
1;9972;284
1;9974;92
1;9975;267
1;9977;234
1;9979;299
1;9983;87
1;9985;196
1;9988;143
1;9991;158
1;9992;97
1;9993;125
1;9995;87
1;9999;222
1;10000;249
1;10002;260
1;10003;217
1;10004;239
1;10005;246
1;10008;101
1;10011;60
1;10015;68
1;10016;19
1;10017;30
1;10019;171
1;10020;157
1;10022;146
1;10023;109
1;10024;119
1;10028;11
1;10031;231
1;10032;218
1;10033;143
1;10035;200
1;10036;216
1;10037;137
1;10038;261
1;10039;72
1;10040;53
1;10042;2
1;10044;196
1;10045;16
1;10046;59
1;10047;261
1;10048;164
1;10049;84
1;10050;137
1;10051;272
1;10052;182
1;10053;257
1;10056;200
1;10057;193
1;10058;214
1;10060;150
1;10061;193
1;10063;262
1;10066;142
1;10067;272
1;10072;54
1;10074;120
1;10075;269
1;10076;285
1;10078;282
1;10079;71
1;10080;119
1;10081;48
1;10083;50
1;10084;46
1;10086;149
1;10087;65
1;10088;180
1;10093;223
1;10094;195
1;10096;59
1;10097;220
1;10098;171
1;10099;231
1;10100;219
1;10102;217
1;10103;92
1;10104;70
1;10106;280
1;10107;249
1;10109;6
1;10110;213
1;10111;42
1;10112;113
1;10113;251
1;10114;287
1;10116;37
1;10117;245
1;10118;147
1;10119;94
1;10121;283
1;10122;144
1;10123;176
1;10125;90
1;10127;50
1;10128;233
1;10131;142
1;10132;32
1;10138;229
1;10141;70
1;10143;141
1;10144;271
1;10145;56
1;10146;289
1;10147;72
1;10149;13
1;10157;34
1;10158;169
1;10159;247
1;10160;87
1;10161;203
1;10164;188
1;10165;185
1;10166;179
1;10167;79
1;10169;61
1;10171;133
1;10176;168
1;10181;38
1;10186;52
1;10187;162
1;10189;250
1;10190;244
1;10192;70
1;10193;295
1;10194;264
1;10195;173
1;10197;192
1;10200;215
1;10201;223
1;10202;273
1;10203;228
1;10205;268
1;10207;61
1;10208;113
1;10210;181
1;10211;204
1;10213;100
1;10214;184
1;10215;223
1;10216;267
1;10218;28
1;10219;269
1;10220;206
1;10222;159
1;10227;288
1;10230;205
1;10231;297
1;10232;218
1;10237;37
1;10239;106
1;10242;85
1;10243;118
1;10244;173
1;10245;213
1;10246;86
1;10250;190
1;10251;20
1;10253;276
1;10254;251
1;10257;231
1;10258;90
1;10261;167
1;10263;177
1;10264;60
1;10269;158
1;10271;5
1;10272;240
1;10273;278
1;10275;46
1;10276;35
1;10279;177
1;10281;253
1;10282;77
1;10285;19
1;10286;292
1;10287;75
1;10290;238
1;10291;160
1;10294;207
1;10297;227
1;10298;54
1;10299;176
1;10302;91
1;10303;115
1;10304;139
1;10307;235
1;10310;10
1;10311;88
1;10314;104
1;10315;6
1;10316;187
1;10317;219
1;10319;256
1;10321;255
1;10322;253
1;10325;222
1;10326;260
1;10328;244
1;10330;261
1;10331;177
1;10333;67
1;10339;120
1;10340;25
1;10341;253
1;10343;25
1;10344;9
1;10345;93
1;10346;94
1;10348;201
1;10350;289
1;10353;52
1;10354;206
1;10355;197
1;10356;139
1;10358;129
1;10359;78
1;10360;120
1;10361;58
1;10362;278
1;10364;34
1;10366;35
1;10368;99
1;10370;284
1;10371;186
1;10375;290
1;10377;240
1;10379;160
1;10380;137
1;10383;226
1;10386;259
1;10387;152
1;10388;228
1;10389;251
1;10390;101
1;10391;69
1;10394;70
1;10397;238
1;10401;147
1;10405;104
1;10406;11
1;10407;231
1;10408;221
1;10409;173
1;10410;192
1;10412;203
1;10413;134
1;10414;76
1;10415;142
1;10417;42
1;10420;99
1;10421;205
1;10424;55
1;10426;140
1;10427;198
1;10432;7
1;10433;253
1;10434;189
1;10435;100
1;10436;250
1;10437;250
1;10440;225
1;10442;251
1;10443;48
1;10446;32
1;10448;250
1;10451;152
1;10452;214
1;10455;186
1;10457;96
1;10458;215
1;10459;95
1;10460;166
1;10463;233
1;10465;256
1;10466;123
1;10467;72
1;10468;145
1;10469;49
1;10471;140
1;10483;206
1;10484;24
1;10486;21
1;10487;237
1;10488;82
1;10490;125
1;10492;184
1;10494;154
1;10495;9
1;10496;111
1;10497;190
1;10498;1
1;10499;129
1;10500;261
1;10501;131
1;10504;294
1;10509;90
1;10510;163
1;10511;158
1;10513;67
1;10515;272
1;10520;184
1;10522;271
1;10525;202
1;10526;179
1;10527;135
1;10528;210
1;10529;152
1;10530;2
1;10532;197
1;10533;165
1;10536;29
1;10540;53
1;10541;46
1;10542;184
1;10544;76
1;10545;40
1;10548;230
1;10549;132
1;10550;198
1;10551;231
1;10552;185
1;10553;219
1;10554;74
1;10555;97
1;10557;233
1;10558;123
1;10559;204
1;10560;248
1;10562;286
1;10563;263
1;10565;79
1;10566;243
1;10567;97
1;10570;50
1;10571;265
1;10573;284
1;10575;102
1;10576;10
1;10577;241
1;10579;234
1;10581;222
1;10582;12
1;10584;27
1;10585;284
1;10586;256
1;10587;102
1;10593;49
1;10595;46
1;10596;42
1;10597;138
1;10598;189
1;10599;16
1;10600;27
1;10602;17
1;10611;66
1;10612;115
1;10613;156
1;10614;174
1;10615;129
1;10616;202
1;10617;24
1;10618;288
1;10619;175
1;10620;299
1;10622;199
1;10623;67
1;10624;178
1;10625;112
1;10626;44
1;10627;105
1;10628;159
1;10630;224
1;10631;204
1;10632;139
1;10635;241
1;10636;52
1;10637;179
1;10639;70
1;10640;29
1;10641;83
1;10647;85
1;10648;55
1;10649;278
1;10651;171
1;10652;167
1;10655;111
1;10656;172
1;10661;294
1;10662;177
1;10663;192
1;10664;152
1;10666;109
1;10667;94
1;10668;211
1;10669;18
1;10670;136
1;10671;214
1;10672;3
1;10674;230
1;10676;85
1;10677;108
1;10679;3
1;10681;148
1;10682;156
1;10683;11
1;10684;31
1;10685;28
1;10686;244
1;10688;71
1;10689;97
1;10692;188
1;10693;166
1;10694;34
1;10695;201
1;10696;190
1;10697;270
1;10699;73
1;10701;151
1;10703;196
1;10705;202
1;10706;183
1;10708;256
1;10710;100
1;10711;273
1;10712;112
1;10713;110
1;10714;126
1;10715;31
1;10717;93
1;10721;114
1;10728;246
1;10729;104
1;10731;282
1;10732;30
1;10734;160
1;10735;36
1;10736;82
1;10738;32
1;10739;32
1;10741;274
1;10743;86
1;10744;259
1;10745;212
1;10747;209
1;10748;54
1;10749;238
1;10751;69
1;10753;231
1;10754;62
1;10759;274
1;10760;222
1;10761;220
1;10762;135
1;10768;216
1;10769;236
1;10771;221
1;10772;61
1;10774;247
1;10776;268
1;10779;91
1;10780;241
1;10783;185
1;10788;282
1;10789;271
1;10790;65
1;10791;284
1;10792;220
1;10793;160
1;10794;102
1;10797;44
1;10800;78
1;10801;263
1;10803;68
1;10804;214
1;10805;95
1;10806;297
1;10807;76
1;10808;225
1;10809;251
1;10810;266
1;10811;187
1;10815;254
1;10817;26
1;10819;84
1;10821;168
1;10822;222
1;10823;203
1;10825;223
1;10828;271
1;10830;126
1;10831;80
1;10836;237
1;10837;250
1;10839;102
1;10840;261
1;10841;101
1;10843;77
1;10844;198
1;10845;254
1;10847;15
1;10849;178
1;10851;200
1;10855;94
1;10856;295
1;10858;84
1;10863;96
1;10864;190
1;10866;225
1;10869;240
1;10873;253
1;10874;287
1;10875;237
1;10876;88
1;10877;77
1;10880;83
1;10881;17
1;10882;6
1;10884;292
1;10885;136
1;10886;166
1;10888;191
1;10889;80
1;10893;189
1;10894;137
1;10895;73
1;10896;233
1;10899;266
1;10904;127
1;10906;169
1;10909;294
1;10912;201
1;10916;255
1;10917;252
1;10918;172
1;10919;18
1;10921;17
1;10922;180
1;10923;111
1;10925;17
1;10927;208
1;10928;207
1;10931;92
1;10936;284
1;10937;230
1;10940;4
1;10941;41
1;10945;259
1;10951;58
1;10952;124
1;10954;48
1;10955;243
1;10956;84
1;10958;38
1;10959;188
1;10961;232
1;10963;11
1;10964;260
1;10967;282
1;10969;52
1;10970;187
1;10971;81
1;10973;99
1;10974;124
1;10976;168
1;10979;33
1;10984;146
1;10985;28
1;10986;118
1;10991;218
1;10995;280
1;10998;156
1;11002;228
1;11006;56
1;11007;5
1;11008;56
1;11010;228
1;11012;194
1;11013;192
1;11014;265
1;11018;200
1;11021;55
1;11022;57
1;11023;93
1;11027;146
1;11029;123
1;11031;264
1;11032;114
1;11037;63
1;11038;67
1;11041;57
1;11042;20
1;11043;19
1;11046;96
1;11048;155
1;11049;107
1;11050;298
1;11052;293
1;11053;195
1;11055;24
1;11060;58
1;11061;18
1;11062;28
1;11064;80
1;11065;6
1;11066;205
1;11067;251
1;11068;84
1;11070;31
1;11071;263
1;11072;132
1;11073;270
1;11076;191
1;11077;162
1;11078;84
1;11080;65
1;11081;1
1;11083;264
1;11085;56
1;11087;47
1;11088;65
1;11090;116
1;11091;46
1;11094;244
1;11097;22
1;11099;209
1;11104;215
1;11106;91
1;11108;204
1;11110;56
1;11111;237
1;11114;64
1;11116;260
1;11117;176
1;11118;246
1;11120;39
1;11124;215
1;11125;294
1;11127;240
1;11128;154
1;11129;10
1;11130;292
1;11133;268
1;11134;242
1;11135;151
1;11137;178
1;11139;29
1;11140;5
1;11141;22
1;11142;283
1;11143;80
1;11145;253
1;11146;202
1;11149;165
1;11150;235
1;11151;13
1;11152;86
1;11153;95
1;11154;252
1;11156;140
1;11157;81
1;11159;168
1;11160;42
1;11161;225
1;11162;134
1;11163;213
1;11168;128
1;11169;83
1;11171;23
1;11172;3
1;11174;209
1;11175;89
1;11177;1
1;11178;169
1;11179;78
1;11180;59
1;11182;71
1;11183;165
1;11185;297
1;11186;82
1;11189;173
1;11191;212
1;11192;238
1;11194;117
1;11195;108
1;11199;223
1;11201;167
1;11202;18
1;11206;138
1;11208;187
1;11210;125
1;11213;18
1;11214;127
1;11215;81
1;11216;130
1;11220;58
1;11222;214
1;11223;152
1;11224;102
1;11226;207
1;11227;122
1;11229;195
1;11231;254
1;11232;252
1;11233;254
1;11235;127
1;11236;5
1;11238;183
1;11243;101
1;11246;177
1;11248;57
1;11252;223
1;11253;82
1;11254;162
1;11255;178
1;11256;90
1;11258;14
1;11259;169
1;11260;3
1;11261;60
1;11262;16
1;11263;65
1;11264;31
1;11266;245
1;11267;63
1;11268;157
1;11270;127
1;11275;133
1;11277;197
1;11281;187
1;11282;17
1;11283;62
1;11284;65
1;11285;182
1;11286;74
1;11287;184
1;11288;226
1;11291;122
1;11294;242
1;11295;299
1;11297;126
1;11298;92
1;11301;151
1;11306;209
1;11307;61
1;11310;293
1;11311;251
1;11314;160
1;11315;277
1;11318;194
1;11319;269
1;11320;81
1;11321;254
1;11322;249
1;11323;232
1;11325;270
1;11328;19
1;11329;252
1;11330;263
1;11333;271
1;11334;282
1;11335;185
1;11339;181
1;11340;16
1;11341;24
1;11342;280
1;11343;228
1;11345;42
1;11346;208
1;11349;147
1;11351;194
1;11353;64
1;11354;150
1;11355;263
1;11356;257
1;11357;139
1;11358;210
1;11359;51
1;11360;128
1;11361;164
1;11362;89
1;11364;253
1;11368;242
1;11370;45
1;11371;159
1;11373;227
1;11375;231
1;11376;252
1;11377;211
1;11379;261
1;11380;170
1;11381;191
1;11382;75
1;11384;93
1;11385;252
1;11386;190
1;11387;218
1;11388;148
1;11390;250
1;11391;247
1;11392;198
1;11393;273
1;11395;98
1;11396;44
1;11398;105
1;11399;244
1;11400;243
1;11401;14
1;11402;134
1;11403;177
1;11406;223
1;11407;284
1;11408;243
1;11409;148
1;11410;21
1;11414;281
1;11416;58
1;11418;20
1;11421;119
1;11423;290
1;11425;118
1;11426;277
1;11430;97
1;11431;8
1;11434;248
1;11436;33
1;11438;81
1;11440;35
1;11442;189
1;11443;247
1;11444;111
1;11445;264
1;11446;286
1;11450;294
1;11451;244
1;11452;207
1;11453;8
1;11454;208
1;11456;229
1;11457;104
1;11458;51
1;11459;217
1;11460;235
1;11461;272
1;11463;104
1;11466;140
1;11467;122
1;11468;209
1;11469;39
1;11473;246
1;11475;245
1;11478;83
1;11479;170
1;11480;291
1;11482;291
1;11485;119
1;11486;241
1;11487;276
1;11489;217
1;11490;249
1;11497;75
1;11503;299
1;11504;212
1;11505;81
1;11507;100
1;11509;93
1;11511;121
1;11512;117
1;11516;133
1;11521;195
1;11522;296
1;11524;277
1;11525;40
1;11526;122
1;11527;17
1;11528;230
1;11530;291
1;11532;123
1;11533;293
1;11535;278
1;11536;267
1;11537;78
1;11541;20
1;11542;265
1;11544;206
1;11546;179
1;11548;242
1;11552;297
1;11555;30
1;11557;223
1;11558;163
1;11561;179
1;11562;288
1;11564;41
1;11566;232
1;11570;37
1;11571;50
1;11573;147
1;11576;23
1;11579;48
1;11583;159
1;11588;187
1;11590;193
1;11595;246
1;11597;21
1;11599;128
1;11600;138
1;11601;167
1;11602;236
1;11606;259
1;11609;241
1;11611;95
1;11613;193
1;11614;189
1;11615;236
1;11616;45
1;11619;2
1;11621;130
1;11623;114
1;11625;34
1;11628;216
1;11630;287
1;11631;229
1;11632;293
1;11633;50
1;11634;141
1;11635;131
1;11636;146
1;11637;148
1;11638;226
1;11640;9
1;11642;188
1;11643;247
1;11644;67
1;11648;151
1;11650;72
1;11657;27
1;11658;61
1;11660;60
1;11664;234
1;11667;257
1;11671;233
1;11672;193
1;11674;276
1;11677;281
1;11678;175
1;11680;229
1;11687;67
1;11688;100
1;11692;201
1;11693;225
1;11694;269
1;11696;208
1;11697;1
1;11700;145
1;11701;32
1;11702;199
1;11704;220
1;11706;257
1;11707;240
1;11708;257
1;11710;69
1;11712;268
1;11713;84
1;11715;287
1;11716;84
1;11718;219
1;11719;133
1;11720;37
1;11722;40
1;11723;8
1;11725;186
1;11727;270
1;11728;203
1;11729;289
1;11732;59
1;11733;256
1;11735;153
1;11736;8
1;11738;138
1;11740;291
1;11742;35
1;11743;286
1;11746;269
1;11748;20
1;11750;26
1;11751;161
1;11753;252
1;11758;62
1;11759;48
1;11760;298
1;11762;56
1;11763;80
1;11764;180
1;11765;207
1;11766;219
1;11768;276
1;11770;98
1;11771;14
1;11772;155
1;11774;229
1;11775;156
1;11780;116
1;11781;117
1;11784;40
1;11785;77
1;11789;4
1;11790;3
1;11791;79
1;11792;51
1;11793;77
1;11794;11
1;11797;254
1;11800;47
1;11802;37
1;11803;9
1;11804;47
1;11807;126
1;11808;23
1;11809;87
1;11810;87
1;11811;86
1;11812;288
1;11814;68
1;11816;10
1;11817;196
1;11818;98
1;11819;281
1;11823;96
1;11824;270
1;11825;36
1;11827;213
1;11829;219
1;11831;182
1;11832;275
1;11833;228
1;11835;240
1;11837;218
1;11838;72
1;11839;34
1;11840;91
1;11843;102
1;11846;164
1;11849;265
1;11850;94
1;11852;165
1;11854;64
1;11855;83
1;11856;189
1;11860;160
1;11862;50
1;11863;14
1;11864;3
1;11865;146
1;11866;2
1;11867;14
1;11869;61
1;11870;206
1;11871;178
1;11873;72
1;11876;144
1;11877;25
1;11878;108
1;11886;210
1;11889;155
1;11891;205
1;11892;18
1;11894;137
1;11895;252
1;11896;291
1;11899;229
1;11902;85
1;11905;101
1;11906;223
1;11910;196
1;11911;75
1;11912;106
1;11914;105
1;11915;255
1;11920;171
1;11923;289
1;11925;43
1;11928;245
1;11930;49
1;11935;238
1;11936;79
1;11938;259
1;11939;161
1;11940;80
1;11941;176
1;11943;85
1;11944;220
1;11950;109
1;11952;155
1;11957;132
1;11958;60
1;11962;43
1;11964;31
1;11966;86
1;11967;185
1;11968;62
1;11969;294
1;11972;179
1;11975;146
1;11976;70
1;11978;76
1;11979;182
1;11980;137
1;11982;190
1;11983;235
1;11985;16
1;11986;5
1;11987;211
1;11988;201
1;11989;15
1;11991;292
1;11992;188
1;11993;199
1;11994;217
1;11995;200
1;11996;266
1;11998;20
1;12000;203
1;12003;42
1;12005;216
1;12007;71
1;12008;23
1;12012;62
1;12013;1
1;12014;244
1;12017;53
1;12019;116
1;12020;51
1;12022;101
1;12024;155
1;12027;117
1;12028;131
1;12032;276
1;12033;277
1;12034;239
1;12035;66
1;12036;243
1;12037;225
1;12038;41
1;12039;216
1;12040;83
1;12041;28
1;12042;185
1;12043;130
1;12046;105
1;12047;228
1;12048;66
1;12053;235
1;12054;269
1;12055;120
1;12056;63
1;12057;225
1;12058;182
1;12059;248
1;12062;24
1;12066;170
1;12067;124
1;12068;282
1;12069;249
1;12072;272
1;12073;92
1;12074;89
1;12075;13
1;12076;13
1;12077;14
1;12078;19
1;12079;19
1;12080;19
1;12081;19
1;12082;22
1;12083;23
1;12084;27
1;12085;29
1;12086;30
1;12087;36
1;12088;39
1;12089;41
1;12090;41
1;12091;42
1;12092;44
1;12093;45
1;12094;45
1;12095;47
1;12096;47
1;12097;50
1;12098;50
1;12099;50
1;12100;51
1;12101;51
1;12102;53
1;12103;54
1;12104;55
1;12105;57
1;12106;64
1;12107;65
1;12108;68
1;12109;69
1;12110;69
1;12111;73
1;12112;75
1;12113;75
1;12114;78
1;12115;79
1;12116;79
1;12117;82
1;12118;82
1;12119;84
1;12120;84
1;12121;91
1;12122;94
1;12123;96
1;12124;96
1;12125;97
1;12126;97
1;12127;99
1;12128;99
1;12129;101
1;12130;106
1;12131;109
1;12132;110
1;12133;113
1;12134;113
1;12135;114
1;12136;115
1;12137;116
1;12138;119
1;12139;119
1;12140;121
1;12141;122
1;12142;124
1;12143;125
1;12144;125
1;12145;129
1;12146;129
1;12147;131
1;12148;131
1;12149;131
1;12150;132
1;12151;132
1;12152;136
1;12153;136
1;12154;136
1;12155;139
1;12156;139
1;12157;140
1;12158;141
1;12159;142
1;12160;142
1;12161;143
1;12162;149
1;12163;150
1;12164;152
1;12165;154
1;12166;157
1;12167;159
1;12168;160
1;12169;164
1;12170;165
1;12171;166
1;12172;167
1;12173;168
1;12174;173
1;12175;175
1;12176;175
1;12177;175
1;12178;215
1;12179;215
1;12180;215
1;12181;215
1;12182;224
1;12183;224
1;12184;224
1;12185;224
2;1;157
2;3;22
2;4;207
2;8;231
2;10;67
2;11;176
2;13;297
2;14;119
2;15;50
2;17;3
2;18;19
2;19;15
2;20;90
2;21;12
2;24;101
2;25;19
2;27;173
2;28;256
2;29;27
2;30;194
2;32;116
2;37;272
2;38;11
2;39;226
2;42;202
2;43;262
2;45;20
2;46;297
2;47;213
2;48;182
2;49;214
2;53;5
2;55;281
2;56;15
2;60;20
2;61;229
2;64;259
2;67;58
2;72;209
2;73;212
2;74;208
2;76;124
2;79;262
2;80;186
2;81;20
2;83;4
2;84;11
2;85;171
2;86;108
2;87;127
2;90;214
2;93;246
2;94;100
2;95;131
2;97;93
2;99;90
2;101;204
2;102;214
2;103;222
2;105;232
2;107;75
2;108;19
2;111;286
2;113;98
2;114;263
2;115;248
2;116;224
2;117;61
2;118;155
2;121;198
2;122;260
2;123;196
2;124;87
2;125;129
2;126;252
2;128;221
2;135;169
2;136;274
2;138;12
2;139;214
2;140;248
2;141;253
2;142;83
2;144;51
2;145;298
2;146;295
2;150;204
2;151;208
2;152;215
2;153;5
2;154;16
2;157;224
2;158;269
2;160;19
2;162;171
2;163;12
2;164;271
2;165;28
2;169;115
2;171;49
2;172;16
2;177;264
2;178;230
2;181;252
2;183;54
2;185;223
2;186;72
2;188;164
2;189;88
2;190;177
2;193;52
2;194;182
2;196;258
2;197;160
2;198;272
2;200;93
2;204;141
2;205;54
2;207;94
2;208;147
2;210;136
2;211;135
2;212;254
2;217;109
2;220;83
2;221;55
2;222;40
2;223;171
2;224;29
2;226;109
2;227;23
2;230;34
2;231;67
2;232;291
2;233;263
2;234;63
2;239;161
2;241;293
2;242;259
2;244;143
2;245;190
2;250;262
2;251;96
2;252;129
2;253;281
2;259;8
2;260;124
2;261;79
2;264;291
2;266;38
2;267;287
2;268;294
2;269;72
2;270;181
2;272;45
2;273;168
2;276;232
2;277;101
2;278;172
2;279;50
2;282;110
2;283;48
2;285;193
2;287;237
2;288;183
2;290;257
2;291;122
2;293;6
2;296;105
2;297;264
2;298;281
2;299;278
2;300;264
2;304;207
2;308;265
2;310;271
2;312;251
2;313;201
2;314;274
2;315;235
2;316;260
2;317;129
2;320;94
2;323;100
2;324;69
2;325;111
2;327;149
2;328;245
2;329;252
2;330;239
2;331;101
2;332;220
2;333;201
2;334;130
2;335;137
2;338;123
2;339;160
2;340;17
2;341;101
2;342;5
2;343;194
2;344;116
2;346;218
2;348;14
2;350;114
2;351;253
2;352;145
2;353;168
2;354;23
2;355;124
2;358;190
2;359;160
2;360;236
2;361;208
2;362;16
2;364;37
2;366;56
2;368;71
2;369;75
2;371;103
2;376;67
2;377;276
2;380;66
2;382;152
2;383;56
2;385;78
2;387;282
2;388;214
2;389;80
2;391;65
2;394;196
2;397;278
2;398;106
2;399;155
2;400;53
2;401;217
2;402;100
2;403;174
2;404;292
2;406;278
2;408;202
2;409;94
2;411;105
2;413;167
2;414;36
2;415;10
2;417;158
2;421;174
2;422;277
2;426;217
2;427;217
2;429;268
2;430;88
2;432;124
2;433;151
2;434;274
2;435;148
2;437;294
2;438;268
2;440;139
2;442;29
2;443;173
2;445;170
2;446;99
2;447;125
2;450;194
2;451;48
2;452;68
2;453;226
2;454;71
2;455;103
2;456;109
2;457;259
2;458;126
2;459;187
2;460;157
2;461;3
2;464;131
2;467;136
2;471;267
2;472;1
2;475;198
2;476;80
2;481;206
2;482;233
2;484;204
2;485;294
2;487;28
2;489;255
2;492;176
2;493;146
2;496;67
2;497;185
2;498;175
2;500;9
2;501;84
2;502;219
2;504;275
2;506;41
2;507;107
2;508;110
2;512;119
2;513;134
2;514;18
2;515;198
2;516;142
2;517;126
2;518;102
2;519;24
2;521;159
2;524;132
2;525;59
2;526;249
2;527;75
2;529;140
2;531;217
2;532;55
2;533;42
2;536;13
2;541;245
2;543;4
2;544;121
2;546;186
2;547;123
2;549;294
2;553;135
2;555;285
2;556;78
2;557;21
2;558;286
2;559;289
2;560;21
2;561;277
2;563;246
2;566;51
2;569;80
2;571;80
2;572;247
2;573;274
2;574;109
2;575;79
2;576;244
2;578;73
2;580;144
2;581;291
2;582;21
2;583;25
2;585;77
2;588;128
2;589;52
2;590;140
2;591;149
2;593;153
2;594;272
2;595;140
2;597;83
2;600;131
2;601;139
2;602;130
2;604;203
2;606;30
2;607;145
2;611;98
2;614;148
2;616;145
2;617;263
2;618;37
2;622;89
2;623;218
2;624;273
2;626;178
2;627;43
2;628;59
2;630;265
2;631;267
2;632;187
2;633;255
2;639;39
2;642;238
2;643;15
2;645;262
2;646;50
2;647;133
2;648;156
2;649;276
2;650;83
2;651;72
2;654;292
2;656;236
2;658;117
2;659;6
2;660;239
2;662;32
2;663;192
2;664;289
2;665;72
2;667;142
2;669;220
2;670;11
2;672;235
2;673;77
2;675;248
2;677;45
2;678;108
2;679;226
2;685;288
2;686;179
2;687;42
2;690;21
2;691;93
2;693;96
2;694;165
2;695;251
2;697;117
2;698;47
2;699;55
2;700;72
2;701;125
2;703;13
2;704;58
2;705;289
2;706;28
2;707;77
2;708;41
2;709;265
2;711;195
2;712;236
2;713;73
2;714;119
2;715;241
2;716;141
2;718;165
2;719;269
2;720;261
2;721;189
2;724;182
2;725;117
2;730;284
2;731;95
2;734;165
2;735;291
2;737;252
2;738;226
2;740;218
2;742;253
2;744;23
2;745;264
2;746;44
2;748;8
2;750;68
2;752;268
2;754;85
2;756;23
2;757;119
2;760;233
2;764;259
2;765;40
2;766;263
2;767;76
2;768;33
2;769;45
2;771;171
2;772;242
2;773;147
2;774;230
2;775;44
2;777;114
2;780;236
2;781;299
2;782;211
2;784;134
2;786;196
2;788;27
2;792;252
2;794;59
2;798;11
2;800;52
2;801;179
2;803;244
2;805;241
2;806;81
2;807;226
2;808;173
2;809;203
2;810;123
2;811;56
2;814;99
2;816;231
2;817;59
2;818;196
2;819;241
2;820;276
2;821;223
2;823;287
2;825;281
2;826;75
2;827;242
2;828;223
2;829;250
2;831;239
2;832;170
2;833;222
2;834;211
2;836;253
2;837;280
2;840;176
2;842;61
2;843;26
2;844;66
2;848;252
2;849;263
2;850;148
2;851;127
2;853;94
2;854;107
2;855;12
2;856;181
2;857;22
2;858;69
2;859;177
2;861;283
2;862;18
2;864;163
2;866;201
2;867;58
2;869;281
2;870;153
2;872;82
2;873;17
2;874;48
2;875;248
2;881;29
2;882;125
2;883;296
2;886;254
2;888;12
2;889;197
2;890;19
2;891;281
2;892;183
2;893;79
2;895;26
2;897;141
2;899;38
2;900;272
2;902;21
2;904;101
2;905;93
2;907;107
2;908;183
2;909;257
2;911;221
2;912;62
2;913;257
2;914;285
2;916;47
2;918;97
2;920;243
2;922;19
2;927;229
2;928;210
2;929;99
2;932;59
2;935;41
2;937;10
2;940;209
2;941;280
2;942;254
2;943;37
2;945;122
2;948;258
2;949;66
2;950;170
2;951;138
2;953;220
2;954;297
2;957;52
2;958;208
2;959;40
2;962;212
2;963;64
2;964;286
2;965;16
2;968;150
2;969;135
2;972;109
2;973;245
2;975;78
2;978;122
2;980;202
2;981;111
2;982;50
2;983;110
2;984;69
2;985;80
2;987;85
2;988;32
2;989;239
2;990;202
2;991;90
2;992;262
2;995;250
2;996;280
2;997;245
2;998;97
2;999;221
2;1000;118
2;1001;9
2;1003;139
2;1004;266
2;1005;265
2;1006;110
2;1008;163
2;1011;200
2;1012;244
2;1013;248
2;1017;192
2;1018;280
2;1019;18
2;1020;282
2;1022;243
2;1023;299
2;1024;138
2;1026;207
2;1028;14
2;1030;49
2;1031;145
2;1033;258
2;1034;9
2;1035;94
2;1036;103
2;1037;168
2;1040;33
2;1044;188
2;1046;20
2;1047;228
2;1049;268
2;1051;106
2;1053;192
2;1054;209
2;1055;262
2;1056;151
2;1057;134
2;1060;293
2;1061;272
2;1063;220
2;1064;105
2;1067;276
2;1068;212
2;1071;183
2;1072;120
2;1073;10
2;1074;260
2;1075;278
2;1077;258
2;1079;36
2;1084;165
2;1086;18
2;1088;125
2;1089;276
2;1093;292
2;1095;39
2;1097;177
2;1099;266
2;1101;118
2;1103;91
2;1106;138
2;1107;223
2;1110;291
2;1111;197
2;1112;63
2;1113;85
2;1114;17
2;1115;211
2;1116;89
2;1122;121
2;1127;91
2;1128;293
2;1129;241
2;1135;55
2;1137;154
2;1138;95
2;1139;165
2;1141;162
2;1146;290
2;1147;220
2;1148;250
2;1149;25
2;1151;219
2;1152;240
2;1153;271
2;1154;60
2;1159;168
2;1160;18
2;1161;104
2;1163;236
2;1164;19
2;1166;216
2;1167;79
2;1168;45
2;1170;120
2;1171;283
2;1173;210
2;1174;86
2;1179;245
2;1180;282
2;1181;291
2;1184;106
2;1188;105
2;1191;35
2;1192;206
2;1193;108
2;1194;80
2;1196;215
2;1197;235
2;1198;71
2;1202;280
2;1203;32
2;1204;122
2;1205;160
2;1206;36
2;1208;296
2;1209;134
2;1210;28
2;1211;293
2;1212;8
2;1213;241
2;1215;261
2;1217;158
2;1218;159
2;1221;166
2;1222;85
2;1223;136
2;1224;189
2;1225;5
2;1226;30
2;1227;152
2;1228;269
2;1229;38
2;1230;68
2;1232;252
2;1234;299
2;1236;86
2;1237;283
2;1238;280
2;1241;53
2;1242;33
2;1243;23
2;1244;47
2;1245;180
2;1246;164
2;1248;135
2;1249;5
2;1250;278
2;1251;159
2;1252;84
2;1253;29
2;1254;271
2;1256;137
2;1258;136
2;1259;100
2;1260;149
2;1261;57
2;1266;12
2;1267;164
2;1271;118
2;1272;98
2;1276;238
2;1277;93
2;1278;69
2;1279;290
2;1280;31
2;1281;233
2;1282;16
2;1283;170
2;1284;9
2;1286;29
2;1287;185
2;1290;227
2;1291;277
2;1292;158
2;1293;222
2;1294;147
2;1297;21
2;1299;23
2;1300;149
2;1301;118
2;1303;288
2;1305;75
2;1309;244
2;1310;258
2;1312;63
2;1313;127
2;1314;50
2;1318;228
2;1319;182
2;1320;18
2;1322;28
2;1323;107
2;1324;214
2;1325;137
2;1326;172
2;1327;10
2;1328;142
2;1329;277
2;1331;103
2;1332;50
2;1333;84
2;1334;159
2;1336;193
2;1337;179
2;1341;206
2;1342;97
2;1345;251
2;1348;153
2;1349;103
2;1350;47
2;1351;242
2;1354;216
2;1355;132
2;1357;49
2;1362;120
2;1363;230
2;1365;261
2;1366;197
2;1368;281
2;1369;7
2;1370;164
2;1371;87
2;1372;262
2;1374;160
2;1375;171
2;1376;58
2;1377;110
2;1381;111
2;1384;95
2;1389;119
2;1390;292
2;1391;149
2;1392;58
2;1394;169
2;1396;183
2;1397;213
2;1399;243
2;1401;45
2;1402;199
2;1403;251
2;1404;95
2;1405;216
2;1406;216
2;1407;255
2;1408;36
2;1409;69
2;1410;10
2;1411;38
2;1412;69
2;1416;137
2;1422;162
2;1423;244
2;1425;221
2;1426;251
2;1428;289
2;1429;105
2;1431;189
2;1432;113
2;1433;241
2;1434;126
2;1435;207
2;1436;12
2;1438;3
2;1439;35
2;1441;74
2;1444;138
2;1445;146
2;1446;66
2;1447;258
2;1448;82
2;1450;112
2;1453;87
2;1455;294
2;1457;68
2;1458;218
2;1459;83
2;1461;262
2;1463;284
2;1464;219
2;1465;135
2;1467;101
2;1468;238
2;1469;221
2;1471;289
2;1472;277
2;1474;61
2;1476;119
2;1479;88
2;1481;120
2;1486;210
2;1487;95
2;1488;192
2;1490;231
2;1495;110
2;1496;99
2;1499;237
2;1500;80
2;1502;110
2;1504;199
2;1506;167
2;1509;11
2;1510;205
2;1511;180
2;1512;130
2;1513;257
2;1514;55
2;1515;211
2;1517;102
2;1520;120
2;1521;172
2;1522;249
2;1523;190
2;1524;94
2;1525;116
2;1526;212
2;1528;166
2;1529;34
2;1530;95
2;1531;240
2;1532;57
2;1535;75
2;1536;122
2;1537;207
2;1539;133
2;1540;75
2;1541;117
2;1542;152
2;1545;51
2;1546;187
2;1547;265
2;1550;61
2;1552;120
2;1553;34
2;1554;83
2;1555;249
2;1558;285
2;1560;203
2;1562;287
2;1563;142
2;1565;149
2;1566;201
2;1568;250
2;1570;222
2;1571;218
2;1572;5
2;1573;42
2;1577;234
2;1581;32
2;1583;270
2;1585;272
2;1586;182
2;1587;287
2;1588;233
2;1589;24
2;1590;43
2;1595;55
2;1596;181
2;1597;171
2;1600;186
2;1602;270
2;1604;93
2;1605;81
2;1606;296
2;1608;73
2;1609;240
2;1612;144
2;1613;150
2;1614;184
2;1616;194
2;1618;235
2;1621;289
2;1625;87
2;1627;189
2;1628;22
2;1629;176
2;1632;2
2;1634;84
2;1635;229
2;1636;116
2;1638;78
2;1640;99
2;1642;215
2;1644;41
2;1645;86
2;1646;190
2;1647;136
2;1648;226
2;1650;156
2;1651;273
2;1652;136
2;1653;134
2;1655;285
2;1656;216
2;1657;274
2;1658;12
2;1659;177
2;1665;221
2;1669;202
2;1671;114
2;1675;34
2;1678;220
2;1679;106
2;1680;73
2;1681;255
2;1682;18
2;1683;293
2;1684;142
2;1685;224
2;1687;203
2;1692;123
2;1693;1
2;1695;112
2;1697;9
2;1698;145
2;1699;246
2;1700;8
2;1701;157
2;1702;212
2;1704;271
2;1705;65
2;1707;297
2;1708;92
2;1710;275
2;1711;287
2;1712;169
2;1713;184
2;1714;288
2;1716;74
2;1717;210
2;1719;88
2;1721;59
2;1722;13
2;1724;267
2;1726;157
2;1729;144
2;1731;195
2;1732;114
2;1735;64
2;1739;18
2;1742;220
2;1743;6
2;1746;227
2;1748;219
2;1749;227
2;1750;3
2;1754;217
2;1757;40
2;1758;247
2;1760;34
2;1761;26
2;1763;82
2;1764;197
2;1765;134
2;1766;132
2;1767;139
2;1768;299
2;1770;294
2;1771;143
2;1772;215
2;1773;89
2;1777;139
2;1778;265
2;1779;151
2;1780;18
2;1782;232
2;1784;128
2;1785;182
2;1787;54
2;1788;161
2;1789;51
2;1790;4
2;1791;234
2;1792;200
2;1794;192
2;1795;15
2;1796;255
2;1798;204
2;1799;233
2;1800;213
2;1805;245
2;1807;273
2;1808;142
2;1809;286
2;1810;285
2;1812;170
2;1813;258
2;1814;194
2;1817;56
2;1818;145
2;1819;283
2;1820;282
2;1821;183
2;1822;178
2;1824;243
2;1825;96
2;1826;268
2;1828;30
2;1829;151
2;1830;31
2;1834;281
2;1836;126
2;1837;66
2;1844;123
2;1846;129
2;1847;22
2;1848;250
2;1849;156
2;1850;250
2;1851;19
2;1852;40
2;1853;39
2;1854;285
2;1855;10
2;1857;215
2;1858;270
2;1860;160
2;1864;274
2;1865;279
2;1869;42
2;1870;285
2;1872;91
2;1873;159
2;1875;295
2;1880;40
2;1882;281
2;1884;214
2;1885;83
2;1886;7
2;1887;267
2;1888;112
2;1889;70
2;1890;71
2;1891;118
2;1892;65
2;1894;30
2;1896;159
2;1897;18
2;1898;25
2;1901;41
2;1903;14
2;1905;257
2;1906;116
2;1909;205
2;1910;297
2;1911;114
2;1912;148
2;1913;131
2;1914;129
2;1916;232
2;1919;150
2;1920;202
2;1921;239
2;1923;35
2;1924;286
2;1928;36
2;1929;41
2;1930;173
2;1931;24
2;1934;190
2;1935;174
2;1936;82
2;1937;13
2;1938;131
2;1939;73
2;1940;257
2;1941;179
2;1942;172
2;1944;171
2;1945;33
2;1946;53
2;1947;207
2;1948;98
2;1949;99
2;1950;62
2;1951;277
2;1952;289
2;1955;11
2;1956;74
2;1960;153
2;1962;9
2;1963;135
2;1964;261
2;1966;212
2;1967;271
2;1968;136
2;1969;270
2;1970;192
2;1974;273
2;1975;174
2;1977;198
2;1978;42
2;1979;296
2;1982;173
2;1983;75
2;1984;57
2;1985;165
2;1986;236
2;1988;22
2;1991;104
2;1993;232
2;1994;202
2;1995;104
2;1996;13
2;1998;82
2;1999;225
2;2000;296
2;2001;246
2;2004;9
2;2005;43
2;2006;65
2;2007;187
2;2010;115
2;2012;152
2;2015;294
2;2016;96
2;2020;176
2;2021;16
2;2022;210
2;2024;279
2;2028;284
2;2029;71
2;2030;196
2;2031;71
2;2032;237
2;2037;271
2;2038;244
2;2041;28
2;2042;60
2;2044;261
2;2045;273
2;2046;259
2;2048;153
2;2050;203
2;2051;240
2;2052;237
2;2054;72
2;2055;252
2;2058;260
2;2061;17
2;2063;66
2;2064;64
2;2066;59
2;2067;56
2;2068;213
2;2072;151
2;2073;207
2;2074;46
2;2075;136
2;2076;32
2;2077;81
2;2078;235
2;2080;157
2;2082;111
2;2083;279
2;2084;297
2;2085;43
2;2087;159
2;2088;4
2;2089;109
2;2090;90
2;2091;52
2;2094;219
2;2095;201
2;2102;119
2;2103;113
2;2105;61
2;2107;58
2;2108;30
2;2109;108
2;2113;217
2;2115;21
2;2116;20
2;2117;266
2;2118;3
2;2120;77
2;2121;152
2;2123;253
2;2125;290
2;2127;160
2;2128;92
2;2129;52
2;2130;18
2;2131;62
2;2133;81
2;2139;98
2;2140;70
2;2142;66
2;2143;88
2;2144;286
2;2148;74
2;2150;222
2;2151;17
2;2153;142
2;2154;191
2;2156;231
2;2159;92
2;2162;51
2;2163;175
2;2164;222
2;2167;159
2;2169;49
2;2171;265
2;2173;188
2;2174;274
2;2175;36
2;2176;140
2;2179;154
2;2181;247
2;2184;249
2;2187;269
2;2189;54
2;2191;254
2;2193;90
2;2195;298
2;2198;180
2;2199;33
2;2201;209
2;2202;200
2;2206;193
2;2209;101
2;2210;227
2;2211;156
2;2212;153
2;2213;213
2;2216;75
2;2217;87
2;2219;75
2;2220;82
2;2222;251
2;2224;42
2;2225;180
2;2228;180
2;2229;213
2;2231;190
2;2234;5
2;2235;30
2;2236;70
2;2237;191
2;2238;219
2;2239;75
2;2240;194
2;2241;214
2;2245;25
2;2246;89
2;2248;15
2;2249;48
2;2251;111
2;2252;233
2;2253;141
2;2254;222
2;2256;162
2;2257;224
2;2259;282
2;2261;42
2;2262;202
2;2263;155
2;2266;204
2;2267;85
2;2269;76
2;2270;2
2;2271;249
2;2274;254
2;2275;59
2;2278;70
2;2279;16
2;2281;81
2;2283;299
2;2284;80
2;2285;70
2;2287;1
2;2288;77
2;2289;247
2;2290;225
2;2291;79
2;2292;212
2;2296;253
2;2298;267
2;2299;137
2;2300;245
2;2301;187
2;2302;69
2;2303;189
2;2304;169
2;2305;265
2;2306;115
2;2307;1
2;2308;62
2;2309;139
2;2311;174
2;2313;46
2;2314;74
2;2315;86
2;2316;286
2;2318;159
2;2321;227
2;2324;88
2;2325;286
2;2329;41
2;2331;86
2;2332;37
2;2334;27
2;2335;36
2;2337;81
2;2338;100
2;2340;35
2;2342;142
2;2343;223
2;2344;68
2;2346;169
2;2348;96
2;2350;262
2;2351;44
2;2352;25
2;2353;219
2;2356;222
2;2357;77
2;2360;128
2;2363;32
2;2364;29
2;2365;119
2;2366;298
2;2367;280
2;2371;177
2;2373;259
2;2375;197
2;2376;79
2;2379;94
2;2380;298
2;2383;115
2;2387;189
2;2390;213
2;2391;223
2;2396;168
2;2397;155
2;2398;266
2;2399;196
2;2400;170
2;2402;6
2;2404;277
2;2407;95
2;2409;249
2;2411;59
2;2412;106
2;2413;203
2;2414;188
2;2415;3
2;2416;251
2;2417;131
2;2421;77
2;2422;43
2;2423;70
2;2424;237
2;2425;289
2;2427;185
2;2428;281
2;2429;259
2;2430;76
2;2431;137
2;2432;271
2;2433;59
2;2434;18
2;2435;296
2;2437;273
2;2438;279
2;2440;289
2;2443;34
2;2444;291
2;2446;184
2;2447;6
2;2448;4
2;2455;280
2;2456;88
2;2459;97
2;2461;292
2;2462;253
2;2463;235
2;2465;213
2;2467;142
2;2469;76
2;2471;257
2;2473;235
2;2478;233
2;2479;204
2;2480;272
2;2483;234
2;2484;98
2;2487;158
2;2488;196
2;2489;188
2;2491;23
2;2492;27
2;2494;2
2;2497;275
2;2498;282
2;2500;261
2;2501;49
2;2502;26
2;2506;287
2;2507;78
2;2508;15
2;2509;210
2;2510;254
2;2511;234
2;2514;221
2;2516;156
2;2518;167
2;2519;96
2;2521;210
2;2522;207
2;2523;83
2;2524;199
2;2529;296
2;2531;164
2;2532;266
2;2537;142
2;2545;242
2;2546;49
2;2548;156
2;2549;238
2;2550;27
2;2552;39
2;2553;47
2;2554;128
2;2556;205
2;2557;123
2;2558;120
2;2560;76
2;2561;223
2;2563;75
2;2564;274
2;2565;11
2;2568;83
2;2569;121
2;2570;28
2;2571;87
2;2573;65
2;2577;7
2;2578;51
2;2580;187
2;2583;20
2;2584;93
2;2586;75
2;2588;258
2;2590;92
2;2592;12
2;2593;220
2;2594;199
2;2595;193
2;2598;84
2;2599;240
2;2600;295
2;2601;246
2;2602;116
2;2606;54
2;2607;240
2;2611;117
2;2613;209
2;2614;295
2;2616;155
2;2617;62
2;2618;233
2;2621;178
2;2622;175
2;2623;190
2;2624;175
2;2625;58
2;2626;50
2;2627;15
2;2628;162
2;2629;256
2;2630;158
2;2631;61
2;2632;224
2;2633;83
2;2635;200
2;2636;62
2;2640;205
2;2643;240
2;2646;61
2;2647;194
2;2648;88
2;2649;257
2;2650;296
2;2651;270
2;2653;242
2;2654;240
2;2655;16
2;2658;289
2;2659;106
2;2660;20
2;2661;143
2;2663;53
2;2666;141
2;2667;263
2;2669;95
2;2670;115
2;2671;223
2;2672;294
2;2673;6
2;2674;68
2;2676;75
2;2677;251
2;2679;62
2;2680;184
2;2681;153
2;2683;199
2;2684;44
2;2685;186
2;2686;205
2;2688;43
2;2690;89
2;2691;156
2;2693;31
2;2694;263
2;2696;290
2;2697;64
2;2699;97
2;2700;58
2;2701;106
2;2702;234
2;2707;28
2;2708;176
2;2709;74
2;2710;148
2;2711;33
2;2712;223
2;2715;208
2;2716;64
2;2720;205
2;2721;104
2;2722;204
2;2723;274
2;2724;84
2;2726;26
2;2727;53
2;2729;253
2;2730;90
2;2731;81
2;2733;183
2;2734;278
2;2735;194
2;2736;156
2;2738;8
2;2739;38
2;2741;168
2;2742;113
2;2743;104
2;2745;63
2;2746;43
2;2747;6
2;2748;247
2;2751;24
2;2752;10
2;2753;183
2;2754;101
2;2757;137
2;2758;246
2;2759;255
2;2762;133
2;2767;89
2;2768;34
2;2769;72
2;2771;258
2;2772;116
2;2774;22
2;2776;63
2;2777;121
2;2778;22
2;2779;52
2;2780;150
2;2783;35
2;2784;254
2;2786;53
2;2787;94
2;2788;212
2;2789;91
2;2790;150
2;2791;259
2;2792;228
2;2793;127
2;2794;74
2;2795;256
2;2797;133
2;2798;276
2;2799;102
2;2800;44
2;2801;240
2;2804;85
2;2805;76
2;2809;46
2;2810;182
2;2811;104
2;2812;11
2;2813;241
2;2814;253
2;2815;86
2;2817;45
2;2819;28
2;2823;227
2;2824;107
2;2825;74
2;2826;241
2;2828;183
2;2829;247
2;2830;82
2;2831;25
2;2833;12
2;2835;63
2;2836;267
2;2837;85
2;2840;78
2;2842;30
2;2843;209
2;2845;235
2;2846;36
2;2847;80
2;2848;195
2;2849;1
2;2853;154
2;2854;232
2;2859;87
2;2860;58
2;2862;97
2;2863;232
2;2865;255
2;2866;237
2;2867;197
2;2868;163
2;2871;112
2;2872;120
2;2873;298
2;2875;210
2;2876;70
2;2877;58
2;2880;166
2;2881;191
2;2882;264
2;2884;245
2;2885;172
2;2886;180
2;2887;188
2;2888;188
2;2890;273
2;2891;142
2;2892;244
2;2893;281
2;2894;17
2;2895;219
2;2896;130
2;2899;143
2;2902;72
2;2903;7
2;2905;212
2;2906;111
2;2907;200
2;2908;106
2;2911;49
2;2912;260
2;2914;98
2;2915;250
2;2917;60
2;2918;99
2;2919;299
2;2921;279
2;2922;112
2;2924;232
2;2925;178
2;2927;112
2;2929;128
2;2933;99
2;2935;37
2;2936;226
2;2937;56
2;2938;180
2;2939;57
2;2943;83
2;2944;217
2;2946;143
2;2947;123
2;2948;134
2;2949;218
2;2950;1
2;2951;28
2;2952;48
2;2955;143
2;2956;148
2;2959;141
2;2962;132
2;2963;49
2;2965;51
2;2966;123
2;2968;52
2;2969;44
2;2971;249
2;2976;230
2;2977;230
2;2978;161
2;2979;80
2;2980;73
2;2984;201
2;2985;239
2;2986;30
2;2988;197
2;2990;276
2;2991;245
2;2992;180
2;2993;161
2;2994;178
2;2996;129
2;2997;147
2;2998;90
2;3001;140
2;3002;287
2;3003;114
2;3004;224
2;3005;80
2;3007;279
2;3008;231
2;3011;225
2;3014;279
2;3015;271
2;3016;242
2;3020;27
2;3021;157
2;3022;73
2;3024;264
2;3026;223
2;3027;81
2;3029;275
2;3030;37
2;3031;215
2;3032;154
2;3034;41
2;3036;17
2;3037;23
2;3039;247
2;3043;61
2;3044;192
2;3047;51
2;3048;184
2;3049;279
2;3050;238
2;3051;229
2;3053;50
2;3056;133
2;3058;214
2;3060;275
2;3062;216
2;3063;162
2;3064;14
2;3065;68
2;3067;199
2;3068;260
2;3070;266
2;3074;123
2;3075;105
2;3077;110
2;3078;120
2;3079;192
2;3081;64
2;3082;172
2;3084;258
2;3085;238
2;3088;83
2;3089;285
2;3090;194
2;3092;219
2;3094;121
2;3095;298
2;3096;158
2;3097;31
2;3099;31
2;3100;293
2;3105;222
2;3106;292
2;3107;211
2;3108;62
2;3109;56
2;3110;254
2;3114;40
2;3115;185
2;3118;181
2;3119;272
2;3121;253
2;3123;107
2;3124;130
2;3128;255
2;3131;118
2;3132;4
2;3133;97
2;3134;228
2;3136;136
2;3139;231
2;3140;81
2;3143;60
2;3144;220
2;3149;126
2;3151;43
2;3152;138
2;3154;206
2;3156;98
2;3158;108
2;3159;252
2;3160;242
2;3163;27
2;3164;38
2;3167;71
2;3168;57
2;3170;266
2;3171;139
2;3172;179
2;3173;117
2;3174;54
2;3176;244
2;3180;290
2;3182;282
2;3183;4
2;3185;7
2;3187;50
2;3188;231
2;3192;252
2;3194;169
2;3195;295
2;3197;162
2;3198;179
2;3199;93
2;3200;128
2;3202;85
2;3203;111
2;3206;292
2;3208;260
2;3209;198
2;3210;204
2;3211;267
2;3213;155
2;3214;249
2;3216;93
2;3221;273
2;3222;54
2;3223;176
2;3224;235
2;3225;244
2;3226;174
2;3228;294
2;3229;166
2;3230;131
2;3232;195
2;3235;24
2;3238;86
2;3239;284
2;3240;173
2;3241;167
2;3246;82
2;3247;87
2;3249;230
2;3251;199
2;3253;102
2;3256;218
2;3259;23
2;3260;158
2;3262;22
2;3263;55
2;3264;283
2;3267;294
2;3270;79
2;3271;268
2;3275;176
2;3278;108
2;3279;32
2;3280;211
2;3281;140
2;3282;54
2;3283;181
2;3284;188
2;3288;96
2;3289;214
2;3293;133
2;3294;259
2;3295;277
2;3296;284
2;3298;175
2;3300;217
2;3302;235
2;3304;288
2;3305;46
2;3307;239
2;3309;35
2;3311;144
2;3312;114
2;3313;291
2;3315;227
2;3318;155
2;3319;10
2;3321;154
2;3322;20
2;3326;278
2;3327;195
2;3328;208
2;3329;245
2;3331;108
2;3335;6
2;3341;169
2;3342;259
2;3343;66
2;3344;174
2;3345;170
2;3346;229
2;3347;35
2;3348;275
2;3349;50
2;3350;234
2;3351;111
2;3352;135
2;3353;237
2;3354;217
2;3357;127
2;3358;107
2;3360;206
2;3361;17
2;3362;81
2;3363;33
2;3364;138
2;3365;62
2;3366;265
2;3367;1
2;3368;166
2;3369;255
2;3372;70
2;3373;209
2;3374;288
2;3375;192
2;3376;79
2;3377;22
2;3379;292
2;3381;112
2;3384;275
2;3386;276
2;3387;241
2;3388;209
2;3390;67
2;3392;122
2;3394;226
2;3398;110
2;3402;80
2;3403;45
2;3406;82
2;3411;234
2;3413;24
2;3415;225
2;3418;243
2;3419;172
2;3420;84
2;3421;74
2;3422;140
2;3423;290
2;3424;211
2;3426;295
2;3428;249
2;3431;84
2;3432;85
2;3433;155
2;3436;295
2;3437;161
2;3438;76
2;3439;232
2;3441;9
2;3442;87
2;3445;83
2;3447;235
2;3448;299
2;3451;208
2;3455;103
2;3460;2
2;3462;193
2;3464;284
2;3466;126
2;3468;60
2;3471;116
2;3474;158
2;3475;267
2;3477;203
2;3479;102
2;3480;183
2;3481;94
2;3482;138
2;3483;294
2;3484;229
2;3485;298
2;3486;256
2;3489;225
2;3490;146
2;3494;194
2;3496;177
2;3499;179
2;3501;262
2;3502;256
2;3504;113
2;3505;261
2;3506;229
2;3507;45
2;3508;162
2;3509;155
2;3510;197
2;3512;14
2;3513;216
2;3514;167
2;3515;179
2;3516;7
2;3517;35
2;3518;235
2;3519;149
2;3521;84
2;3522;164
2;3524;133
2;3525;256
2;3526;164
2;3527;144
2;3528;193
2;3531;8
2;3535;244
2;3537;163
2;3541;286
2;3542;280
2;3546;69
2;3548;195
2;3549;130
2;3551;150
2;3553;148
2;3554;126
2;3555;146
2;3556;65
2;3557;139
2;3558;21
2;3559;11
2;3560;222
2;3561;82
2;3562;33
2;3564;78
2;3565;181
2;3566;106
2;3568;64
2;3570;157
2;3571;150
2;3574;141
2;3575;127
2;3576;297
2;3577;46
2;3580;111
2;3581;295
2;3582;261
2;3583;214
2;3584;72
2;3586;282
2;3587;246
2;3589;121
2;3590;86
2;3592;135
2;3593;296
2;3594;39
2;3596;133
2;3597;236
2;3601;188
2;3605;215
2;3606;288
2;3607;216
2;3608;82
2;3609;132
2;3613;279
2;3617;258
2;3619;178
2;3620;142
2;3621;272
2;3622;34
2;3623;240
2;3625;21
2;3629;254
2;3630;129
2;3631;136
2;3632;13
2;3633;38
2;3634;222
2;3635;280
2;3638;230
2;3641;92
2;3642;124
2;3644;157
2;3645;55
2;3649;250
2;3651;226
2;3652;263
2;3654;113
2;3655;191
2;3657;209
2;3658;186
2;3659;130
2;3660;77
2;3661;206
2;3662;147
2;3667;5
2;3668;226
2;3669;264
2;3670;170
2;3673;20
2;3675;54
2;3683;236
2;3684;215
2;3685;263
2;3686;149
2;3688;218
2;3689;2
2;3691;72
2;3692;98
2;3693;258
2;3694;146
2;3695;160
2;3696;14
2;3697;86
2;3699;233
2;3704;173
2;3707;53
2;3708;191
2;3709;189
2;3710;78
2;3711;148
2;3713;225
2;3714;69
2;3715;234
2;3716;206
2;3717;124
2;3718;241
2;3719;250
2;3720;251
2;3722;224
2;3724;290
2;3725;115
2;3726;136
2;3727;38
2;3728;89
2;3729;144
2;3730;257
2;3731;228
2;3732;52
2;3733;85
2;3738;288
2;3739;36
2;3742;54
2;3743;249
2;3745;84
2;3747;79
2;3749;144
2;3752;242
2;3753;260
2;3754;193
2;3755;215
2;3756;5
2;3757;99
2;3763;181
2;3764;33
2;3767;108
2;3769;196
2;3770;223
2;3771;269
2;3772;7
2;3774;77
2;3777;15
2;3778;219
2;3779;31
2;3780;39
2;3783;208
2;3785;61
2;3786;94
2;3788;14
2;3790;183
2;3791;246
2;3793;104
2;3794;56
2;3795;39
2;3798;60
2;3799;139
2;3803;237
2;3805;49
2;3806;191
2;3808;227
2;3809;60
2;3811;138
2;3812;125
2;3814;51
2;3818;284
2;3819;268
2;3820;207
2;3823;89
2;3824;73
2;3825;118
2;3826;218
2;3828;259
2;3829;286
2;3830;208
2;3831;122
2;3832;109
2;3834;157
2;3835;230
2;3837;116
2;3840;45
2;3841;168
2;3842;8
2;3845;75
2;3846;8
2;3847;114
2;3849;257
2;3850;129
2;3851;227
2;3852;269
2;3853;230
2;3856;68
2;3857;256
2;3860;236
2;3861;185
2;3862;13
2;3864;223
2;3865;26
2;3867;5
2;3868;267
2;3869;83
2;3870;77
2;3871;27
2;3872;269
2;3873;132
2;3874;128
2;3875;248
2;3876;125
2;3877;57
2;3878;65
2;3880;278
2;3881;234
2;3882;270
2;3883;82
2;3884;299
2;3885;287
2;3886;270
2;3889;252
2;3890;1
2;3893;251
2;3894;127
2;3895;122
2;3897;120
2;3898;75
2;3899;242
2;3901;42
2;3902;156
2;3903;106
2;3904;41
2;3905;56
2;3906;275
2;3909;80
2;3910;81
2;3911;81
2;3912;77
2;3913;189
2;3915;32
2;3916;175
2;3917;219
2;3918;137
2;3919;195
2;3921;14
2;3922;114
2;3923;135
2;3924;238
2;3925;32
2;3926;93
2;3927;229
2;3932;209
2;3935;145
2;3936;108
2;3937;84
2;3938;39
2;3940;243
2;3941;143
2;3942;78
2;3943;3
2;3944;8
2;3945;258
2;3947;256
2;3949;122
2;3957;70
2;3958;153
2;3959;138
2;3964;193
2;3967;91
2;3968;118
2;3969;165
2;3972;78
2;3973;217
2;3976;19
2;3977;102
2;3978;143
2;3979;127
2;3980;167
2;3981;86
2;3982;2
2;3983;30
2;3984;101
2;3985;85
2;3986;260
2;3987;37
2;3988;25
2;3992;243
2;3994;298
2;3996;3
2;3997;166
2;4000;297
2;4002;53
2;4003;161
2;4004;203
2;4006;118
2;4007;154
2;4008;152
2;4009;71
2;4015;44
2;4016;44
2;4018;231
2;4020;43
2;4021;152
2;4022;221
2;4025;252
2;4026;65
2;4029;210
2;4030;183
2;4031;47
2;4034;228
2;4035;208
2;4038;146
2;4041;160
2;4042;256
2;4043;243
2;4044;76
2;4047;173
2;4048;177
2;4049;37
2;4051;281
2;4053;247
2;4054;152
2;4055;29
2;4057;167
2;4058;46
2;4060;163
2;4062;92
2;4064;117
2;4066;29
2;4068;243
2;4069;159
2;4070;149
2;4071;195
2;4072;160
2;4074;128
2;4075;154
2;4078;55
2;4079;258
2;4080;20
2;4081;57
2;4083;84
2;4084;278
2;4085;213
2;4086;221
2;4087;268
2;4088;76
2;4091;125
2;4092;287
2;4094;220
2;4095;100
2;4096;145
2;4097;37
2;4098;14
2;4099;150
2;4100;60
2;4101;71
2;4102;242
2;4103;86
2;4104;218
2;4105;4
2;4109;247
2;4110;113
2;4111;107
2;4113;224
2;4114;2
2;4115;186
2;4116;218
2;4120;113
2;4123;132
2;4124;23
2;4127;275
2;4128;67
2;4129;252
2;4131;114
2;4133;221
2;4135;241
2;4136;39
2;4137;202
2;4138;216
2;4140;163
2;4146;276
2;4149;107
2;4152;33
2;4153;119
2;4155;295
2;4156;83
2;4157;229
2;4158;205
2;4160;76
2;4161;171
2;4163;293
2;4164;205
2;4165;298
2;4167;203
2;4168;201
2;4169;191
2;4170;186
2;4172;198
2;4173;231
2;4176;261
2;4178;198
2;4179;200
2;4180;147
2;4181;29
2;4182;67
2;4183;78
2;4184;248
2;4186;182
2;4187;264
2;4189;72
2;4190;65
2;4191;203
2;4194;289
2;4195;165
2;4196;278
2;4198;198
2;4199;121
2;4200;194
2;4201;98
2;4202;244
2;4203;19
2;4206;274
2;4207;291
2;4208;172
2;4209;231
2;4210;115
2;4211;95
2;4212;250
2;4213;141
2;4215;184
2;4218;185
2;4219;283
2;4220;227
2;4221;113
2;4222;175
2;4223;161
2;4224;73
2;4225;105
2;4227;47
2;4228;26
2;4229;177
2;4230;17
2;4231;271
2;4234;79
2;4236;206
2;4237;63
2;4239;43
2;4240;151
2;4242;97
2;4243;144
2;4246;46
2;4247;31
2;4248;211
2;4250;10
2;4251;220
2;4252;206
2;4253;153
2;4254;204
2;4257;221
2;4260;259
2;4263;85
2;4264;13
2;4267;146
2;4269;96
2;4270;48
2;4271;168
2;4272;293
2;4273;68
2;4275;27
2;4276;207
2;4277;273
2;4278;137
2;4279;185
2;4281;61
2;4282;290
2;4283;14
2;4284;19
2;4285;69
2;4287;182
2;4288;188
2;4289;103
2;4290;190
2;4292;147
2;4296;130
2;4297;233
2;4298;15
2;4299;2
2;4302;248
2;4303;201
2;4305;25
2;4307;80
2;4308;178
2;4309;7
2;4311;189
2;4312;284
2;4313;178
2;4314;211
2;4315;125
2;4316;97
2;4318;19
2;4319;200
2;4320;230
2;4321;225
2;4325;249
2;4326;124
2;4328;92
2;4329;110
2;4332;182
2;4333;212
2;4336;233
2;4337;151
2;4339;131
2;4341;123
2;4344;135
2;4345;244
2;4347;284
2;4351;64
2;4352;201
2;4358;277
2;4359;285
2;4360;6
2;4361;283
2;4362;47
2;4363;293
2;4364;62
2;4365;264
2;4366;67
2;4367;158
2;4368;121
2;4369;71
2;4372;140
2;4373;91
2;4376;23
2;4377;163
2;4380;206
2;4381;185
2;4384;109
2;4385;166
2;4386;64
2;4387;125
2;4390;162
2;4392;179
2;4393;100
2;4394;103
2;4395;64
2;4396;129
2;4399;83
2;4400;119
2;4401;176
2;4402;228
2;4403;147
2;4404;156
2;4405;223
2;4406;274
2;4409;228
2;4410;257
2;4414;79
2;4417;240
2;4418;56
2;4421;57
2;4422;97
2;4423;85
2;4424;247
2;4425;38
2;4426;225
2;4428;182
2;4429;277
2;4431;187
2;4432;213
2;4434;76
2;4436;51
2;4437;165
2;4439;238
2;4441;228
2;4442;102
2;4447;238
2;4448;100
2;4450;221
2;4451;186
2;12186;247
