Person_Id;Election_Id;Party_Id
1;1;8
1;2;8
2;2;30
3;2;3
4;2;27
5;2;22
6;2;18
7;2;23
8;2;27
9;2;19
10;1;3
10;2;3
11;2;22
12;2;14
13;2;22
14;2;7
15;2;8
16;2;8
17;2;8
18;2;8
19;1;36
19;2;36
20;2;4
21;2;36
22;2;18
23;2;10
24;2;4
25;2;4
26;2;7
27;2;4
28;1;4
28;2;4
29;2;1
30;2;7
31;2;29
32;1;3
32;2;3
33;2;18
34;2;29
35;2;22
36;2;6
37;2;7
38;2;7
39;2;7
40;1;4
40;2;4
41;2;23
42;2;27
43;2;3
44;2;3
45;2;7
46;1;1
46;2;1
47;2;27
48;1;2
48;2;2
49;2;15
50;2;11
51;2;29
52;1;8
52;2;8
53;2;5
54;2;24
55;1;5
55;2;5
56;1;8
56;2;8
57;2;18
58;2;18
59;2;22
60;2;2
61;2;5
62;1;1
62;2;1
63;2;29
64;1;4
64;2;4
65;2;17
66;2;8
67;1;8
67;2;8
68;2;2
69;2;8
70;2;21
71;2;2
72;1;8
72;2;8
73;2;8
74;2;27
75;2;7
76;1;2
76;2;2
77;2;19
78;2;7
79;1;2
79;2;2
80;2;8
81;2;4
82;2;2
83;1;3
83;2;3
84;2;5
85;2;30
86;2;22
87;2;4
88;1;6
88;2;6
89;2;30
90;2;34
91;2;20
92;1;19
92;2;19
93;2;5
94;2;5
95;2;7
96;2;11
97;2;5
98;2;22
99;2;36
100;2;7
101;1;8
101;2;8
102;2;27
103;2;2
104;2;4
105;2;2
106;1;1
106;2;1
107;2;3
108;2;19
109;2;2
110;1;5
110;2;5
111;2;27
112;2;27
113;2;2
114;2;2
115;1;6
115;2;6
116;1;5
116;2;5
117;2;5
118;2;7
119;2;7
120;2;4
121;2;2
122;1;19
122;2;19
123;2;8
124;2;22
125;1;3
125;2;3
126;2;2
127;2;10
128;2;8
129;2;23
130;2;14
131;1;14
131;2;14
132;2;19
133;1;11
133;2;11
134;2;22
135;2;7
136;2;27
137;2;3
138;2;27
139;2;4
140;1;4
140;2;4
141;2;2
142;2;30
143;2;23
144;1;2
144;2;2
145;2;4
146;1;1
146;2;1
147;2;7
148;2;19
149;2;10
150;2;2
151;1;2
151;2;2
152;2;3
153;2;2
154;1;3
154;2;3
155;1;4
155;2;4
156;1;1
156;2;1
157;1;2
157;2;2
158;1;1
158;2;1
159;1;19
159;2;19
160;2;2
161;2;2
162;1;2
162;2;2
163;2;4
164;2;7
165;2;4
166;2;6
167;2;22
168;2;5
169;1;2
169;2;2
170;2;22
171;2;27
172;2;7
173;2;21
174;2;22
175;2;8
176;2;10
177;2;2
178;2;30
179;1;20
179;2;20
180;2;7
181;2;19
182;2;10
183;2;7
184;2;15
185;2;36
186;2;36
187;2;18
188;1;1
188;2;1
189;2;7
190;2;3
191;2;22
192;2;1
193;2;36
194;2;8
195;1;1
195;2;1
196;2;11
197;1;8
197;2;8
198;2;5
199;2;19
200;2;17
201;1;6
201;2;6
202;2;11
203;2;11
204;2;5
205;1;5
205;2;5
206;1;3
206;2;3
207;1;5
207;2;5
208;2;5
209;1;2
209;2;2
210;1;8
210;2;8
211;1;2
211;2;2
212;2;11
213;2;22
214;2;11
215;2;30
216;2;10
217;2;30
218;1;19
218;2;19
219;2;30
220;2;36
221;1;2
221;2;2
222;2;1
223;2;3
224;2;3
225;2;16
226;2;22
227;2;11
228;2;22
229;1;5
229;2;5
230;1;4
230;2;4
231;1;1
231;2;1
232;1;36
232;2;36
233;2;7
234;1;8
234;2;8
235;2;7
236;2;27
237;2;11
238;2;24
239;1;1
239;2;1
240;2;8
241;2;8
242;1;5
242;2;5
243;2;2
244;2;5
245;2;5
246;2;30
247;2;30
248;2;1
249;2;30
250;2;27
251;2;7
252;2;1
253;1;18
253;2;18
254;2;24
255;2;1
256;2;22
257;2;30
258;1;1
258;2;1
259;2;4
260;2;7
261;2;22
262;2;22
263;2;27
264;1;3
264;2;3
265;2;5
266;2;1
267;2;7
268;2;11
269;2;1
270;2;8
271;2;3
272;2;5
273;2;7
274;2;3
275;2;7
276;1;4
276;2;4
277;2;27
278;1;3
278;2;3
279;1;3
279;2;3
280;2;5
281;2;10
282;2;27
283;1;1
283;2;1
284;2;30
285;2;27
286;2;10
287;1;8
287;2;8
288;2;7
289;2;22
290;2;7
291;2;4
292;2;4
293;1;4
293;2;4
294;2;27
295;2;7
296;1;1
296;2;1
297;2;18
298;2;1
299;2;3
300;2;22
301;2;22
302;2;7
303;2;5
304;2;22
305;2;2
306;2;1
307;1;6
307;2;6
308;1;1
308;2;1
309;2;26
310;1;4
310;2;4
311;2;11
312;2;11
313;2;2
314;1;2
314;2;2
315;2;11
316;1;1
316;2;1
317;2;22
318;2;17
319;2;30
320;1;4
320;2;4
321;2;2
322;2;2
323;2;4
324;2;5
325;2;3
326;2;19
327;2;5
328;2;13
329;2;13
330;2;8
331;1;8
331;2;8
332;2;27
333;1;1
333;2;1
334;2;22
335;2;2
336;2;29
337;2;29
338;2;8
339;2;2
340;1;4
340;2;4
341;2;5
342;1;3
342;2;3
343;1;2
343;2;2
344;1;19
344;2;19
345;2;9
346;2;7
347;2;22
348;1;4
348;2;4
349;2;11
350;2;8
351;2;4
352;2;7
353;2;4
354;2;4
355;2;3
356;2;24
357;2;7
358;2;27
359;2;3
360;2;4
361;1;1
361;2;1
362;2;27
363;2;1
364;1;8
364;2;8
365;2;16
366;1;8
366;2;8
367;2;11
368;2;2
369;2;36
370;2;7
371;2;4
372;2;11
373;2;17
374;2;22
375;2;2
376;2;7
377;2;4
378;2;22
379;2;16
380;2;27
381;1;11
381;2;11
382;2;7
383;2;5
384;2;22
385;2;8
386;2;10
387;2;8
388;2;13
389;2;13
390;2;11
391;2;7
392;2;27
393;2;22
394;2;3
395;2;25
396;1;19
396;2;19
397;2;2
398;1;4
398;2;4
399;1;17
399;2;17
400;2;8
401;2;22
402;1;1
402;2;1
403;2;8
404;2;27
405;2;1
406;2;7
407;2;5
408;2;5
409;2;22
410;2;23
411;2;4
412;2;7
413;2;36
414;1;3
414;2;3
415;1;1
415;2;1
416;2;1
417;1;1
417;2;1
418;2;27
419;2;27
420;2;22
421;1;1
421;2;1
422;2;3
423;2;1
424;2;22
425;2;22
426;2;3
427;1;6
427;2;6
428;1;20
428;2;20
429;2;7
430;1;1
430;2;1
431;2;1
432;2;4
433;2;5
434;2;5
435;1;2
435;2;2
436;2;7
437;2;7
438;1;3
438;2;3
439;2;22
440;2;1
441;2;1
442;2;7
443;1;1
443;2;1
444;2;4
445;2;8
446;2;5
447;1;19
447;2;19
448;2;30
449;2;30
450;2;29
451;2;8
452;1;1
452;2;1
453;1;3
453;2;3
454;2;7
455;2;3
456;2;5
457;2;22
458;2;4
459;2;7
460;2;3
461;2;7
462;2;30
463;2;5
464;1;1
464;2;1
465;2;27
466;2;1
467;2;5
468;2;20
469;2;7
470;2;7
471;2;8
472;2;3
473;2;2
474;1;17
474;2;17
475;2;5
476;2;22
477;2;8
478;2;25
479;2;7
480;2;7
481;1;3
481;2;3
482;2;22
483;2;30
484;2;7
485;2;5
486;1;1
486;2;1
487;1;3
487;2;3
488;2;2
489;1;2
489;2;2
490;2;2
491;2;10
492;2;5
493;1;4
493;2;4
494;2;18
495;2;1
496;2;36
497;1;4
497;2;4
498;1;3
498;2;3
499;2;2
500;2;3
501;1;17
501;2;17
502;1;11
502;2;11
503;2;19
504;1;19
504;2;19
505;2;8
506;2;7
507;1;8
507;2;8
508;1;4
508;2;4
509;2;30
510;2;10
511;2;27
512;2;8
513;2;4
514;2;7
515;2;4
516;1;2
516;2;2
517;2;5
518;2;7
519;2;3
520;2;27
521;2;5
522;2;14
523;2;2
524;2;7
525;2;36
526;2;7
527;2;23
528;2;1
529;1;19
529;2;19
530;1;10
530;2;10
531;1;4
531;2;4
532;2;7
533;1;2
533;2;2
534;2;19
535;2;5
536;2;4
537;2;1
538;2;1
539;1;2
539;2;2
540;2;22
541;2;2
542;2;10
543;2;7
544;1;4
544;2;4
545;2;28
546;1;4
546;2;4
547;1;3
547;2;3
548;2;30
549;2;27
550;2;30
551;2;2
552;2;22
553;1;1
553;2;1
554;2;5
555;2;2
556;2;23
557;1;3
557;2;3
558;2;22
559;2;22
560;1;2
560;2;2
561;1;2
561;2;2
562;2;29
563;2;7
564;2;22
565;2;15
566;2;27
567;2;24
568;1;11
568;2;11
569;2;27
570;2;1
571;2;4
572;2;8
573;2;7
574;1;4
574;2;4
575;2;7
576;2;22
577;2;27
578;1;4
578;2;4
579;1;1
579;2;1
580;2;7
581;2;7
582;2;27
583;1;1
583;2;1
584;2;19
585;2;22
586;1;20
586;2;20
587;2;29
588;2;2
589;1;5
589;2;5
590;1;8
590;2;8
591;1;2
591;2;2
592;1;15
592;2;15
593;2;7
594;1;8
594;2;8
595;1;4
595;2;4
596;2;24
597;2;22
598;2;30
599;2;22
600;2;3
601;1;5
601;2;5
602;1;2
602;2;2
603;2;30
604;2;4
605;2;2
606;2;8
607;2;3
608;2;22
609;2;1
610;2;6
611;2;4
612;2;5
613;2;30
614;1;3
614;2;3
615;2;5
616;2;5
617;2;5
618;2;3
619;2;30
620;2;11
621;2;22
622;2;5
623;2;27
624;2;36
625;1;2
625;2;2
626;2;5
627;2;4
628;2;7
629;2;7
630;2;3
631;2;4
632;2;4
633;1;5
633;2;5
634;2;23
635;2;5
636;2;5
637;2;15
638;2;1
639;2;7
640;2;22
641;1;2
641;2;2
642;2;5
643;2;27
644;2;2
645;1;10
645;2;10
646;1;19
646;2;19
647;2;7
648;1;3
648;2;3
649;2;7
650;2;36
651;2;2
652;2;2
653;2;3
654;1;11
654;2;11
655;2;22
656;2;8
657;2;30
658;2;8
659;2;5
660;2;4
661;2;3
662;2;5
663;2;22
664;1;11
664;2;11
665;1;8
665;2;8
666;2;2
667;2;22
668;1;1
668;2;1
669;2;3
670;2;1
671;2;23
672;1;36
672;2;36
673;2;36
674;2;24
675;2;2
676;2;30
677;2;27
678;1;3
678;2;3
679;1;6
679;2;6
680;2;11
681;2;2
682;2;10
683;2;13
684;2;30
685;1;1
685;2;1
686;2;3
687;1;3
687;2;3
688;1;11
688;2;11
689;1;11
689;2;11
690;2;8
691;1;2
691;2;2
692;2;22
693;1;5
693;2;5
694;2;5
695;2;4
696;2;11
697;1;1
697;2;1
698;2;5
699;2;5
700;2;22
701;2;11
702;2;30
703;2;3
704;2;7
705;2;1
706;1;8
706;2;8
707;2;27
708;2;22
709;2;11
710;2;7
711;2;2
712;2;27
713;2;7
714;1;19
714;2;19
715;2;5
716;2;4
717;2;10
718;2;7
719;2;4
720;2;4
721;2;3
722;1;20
722;2;20
723;2;7
724;2;27
725;2;3
726;2;13
727;2;27
728;2;10
729;2;22
730;1;2
730;2;2
731;2;5
732;2;30
733;2;1
734;1;17
734;2;17
735;2;27
736;2;7
737;2;10
738;1;2
738;2;2
739;1;19
739;2;19
740;1;19
740;2;19
741;2;23
742;2;6
743;1;19
743;2;19
744;1;3
744;2;3
745;2;7
746;2;5
747;2;24
748;1;3
748;2;3
749;2;6
750;2;3
751;2;29
752;1;5
752;2;5
753;2;9
754;2;22
755;2;22
756;2;7
757;1;1
757;2;1
758;1;2
758;2;2
759;2;15
760;2;5
761;1;2
761;2;2
762;2;9
763;2;18
764;2;36
765;1;2
765;2;2
766;2;4
767;2;22
768;2;5
769;1;4
769;2;4
770;1;2
770;2;2
771;2;4
772;1;4
772;2;4
773;1;3
773;2;3
774;2;11
775;2;22
776;2;22
777;1;2
777;2;2
778;2;11
779;2;11
780;2;22
781;2;3
782;2;27
783;2;19
784;1;3
784;2;3
785;2;30
786;2;19
787;2;19
788;1;8
788;2;8
789;2;8
790;2;17
791;2;24
792;2;22
793;2;2
794;2;27
795;1;1
795;2;1
796;2;23
797;2;22
798;2;22
799;2;1
800;2;8
801;2;7
802;2;5
803;2;27
804;2;13
805;2;15
806;2;27
807;2;27
808;2;7
809;2;5
810;1;19
810;2;19
811;2;3
812;2;5
813;2;14
814;1;2
814;2;2
815;1;9
815;2;9
816;2;5
817;2;4
818;2;5
819;1;3
819;2;3
820;2;8
821;2;2
822;2;30
823;2;5
824;2;4
825;1;2
825;2;2
826;2;33
827;2;22
828;2;7
829;1;4
829;2;4
830;2;1
831;1;2
831;2;2
832;2;27
833;2;27
834;1;4
834;2;4
835;2;10
836;2;5
837;1;2
837;2;2
838;2;22
839;2;2
840;1;4
840;2;4
841;2;27
842;2;7
843;1;2
843;2;2
844;2;3
845;1;8
845;2;8
846;2;1
847;1;6
847;2;6
848;1;17
848;2;17
849;2;1
850;2;7
851;1;3
851;2;3
852;2;27
853;2;17
854;2;17
855;2;36
856;2;2
857;2;7
858;2;9
859;1;4
859;2;4
860;2;22
861;1;2
861;2;2
862;1;5
862;2;5
863;2;4
864;2;5
865;1;3
865;2;3
866;2;27
867;2;1
868;2;19
869;2;22
870;1;1
870;2;1
871;2;22
872;1;2
872;2;2
873;2;5
874;1;3
874;2;3
875;1;5
875;2;5
876;1;17
876;2;17
877;2;22
878;2;22
879;2;11
880;2;20
881;1;1
881;2;1
882;2;22
883;1;2
883;2;2
884;2;10
885;2;10
886;1;8
886;2;8
887;2;22
888;2;5
889;2;3
890;2;36
891;1;3
891;2;3
892;1;17
892;2;17
893;2;2
894;1;7
894;2;7
895;2;5
896;2;2
897;2;1
898;2;5
899;2;16
900;2;1
901;2;11
902;1;1
902;2;1
903;2;10
904;2;3
905;2;4
906;2;10
907;1;10
907;2;10
908;2;30
909;2;11
910;2;29
911;1;2
911;2;2
912;2;2
913;1;36
913;2;36
914;2;8
915;2;7
916;2;1
917;2;30
918;1;20
918;2;20
919;2;7
920;2;3
921;2;30
922;2;3
923;2;11
924;2;11
925;2;7
926;2;24
927;2;2
928;2;5
929;1;1
929;2;1
930;2;30
931;2;5
932;2;36
933;2;10
934;2;11
935;2;4
936;2;10
937;2;8
938;2;7
939;2;10
940;2;4
941;1;11
941;2;11
942;1;2
942;2;2
943;2;7
944;2;18
945;2;3
946;2;14
947;2;14
948;2;4
949;2;5
950;2;2
951;2;8
952;2;1
953;2;11
954;1;8
954;2;8
955;1;1
955;2;1
956;2;17
957;2;3
958;2;5
959;2;4
960;2;29
961;2;1
962;2;4
963;2;2
964;2;1
965;2;2
966;2;4
967;2;1
968;1;2
968;2;2
969;2;27
970;2;1
971;2;28
972;1;8
972;2;8
973;2;27
974;2;22
975;2;3
976;1;6
976;2;6
977;1;19
977;2;19
978;2;7
979;2;3
980;2;7
981;2;27
982;2;4
983;1;3
983;2;3
984;2;3
985;2;36
986;1;19
986;2;19
987;2;30
988;1;3
988;2;3
989;1;6
989;2;6
990;2;3
991;2;7
992;2;22
993;2;8
994;1;1
994;2;1
995;2;8
996;2;7
997;2;6
998;2;22
999;1;4
999;2;4
1000;2;22
1001;1;5
1001;2;5
1002;1;6
1002;2;6
1003;1;19
1003;2;19
1004;2;11
1005;2;27
1006;2;7
1007;2;22
1008;2;3
1009;2;3
1010;2;30
1011;1;1
1011;2;1
1012;2;5
1013;2;8
1014;1;19
1014;2;19
1015;2;10
1016;2;22
1017;2;5
1018;1;1
1018;2;1
1019;2;36
1020;2;22
1021;2;10
1022;2;27
1023;1;1
1023;2;1
1024;2;19
1025;2;7
1026;2;7
1027;2;1
1028;2;27
1029;2;3
1030;1;2
1030;2;2
1031;2;4
1032;2;22
1033;2;36
1034;1;1
1034;2;1
1035;2;7
1036;1;19
1036;2;19
1037;2;19
1038;2;10
1039;2;19
1040;2;7
1041;2;10
1042;2;21
1043;2;30
1044;2;27
1045;1;17
1045;2;17
1046;2;5
1047;1;5
1047;2;5
1048;2;7
1049;2;11
1050;2;22
1051;2;22
1052;2;18
1053;2;27
1054;2;12
1055;2;5
1056;2;8
1057;2;27
1058;2;18
1059;2;22
1060;2;5
1061;2;27
1062;2;16
1063;1;6
1063;2;6
1064;2;22
1065;2;22
1066;2;3
1067;2;11
1068;1;1
1068;2;1
1069;2;9
1070;2;19
1071;1;4
1071;2;4
1072;1;5
1072;2;5
1073;2;22
1074;2;8
1075;2;5
1076;2;29
1077;2;22
1078;2;2
1079;2;7
1080;2;6
1081;2;26
1082;2;29
1083;2;5
1084;1;8
1084;2;8
1085;1;19
1085;2;19
1086;2;30
1087;2;27
1088;1;2
1088;2;2
1089;1;1
1089;2;1
1090;2;5
1091;2;5
1092;2;2
1093;1;2
1093;2;2
1094;2;22
1095;2;16
1096;2;7
1097;2;5
1098;2;2
1099;1;1
1099;2;1
1100;2;19
1101;1;5
1101;2;5
1102;1;9
1102;2;9
1103;1;5
1103;2;5
1104;2;11
1105;2;5
1106;2;1
1107;2;22
1108;1;1
1108;2;1
1109;2;22
1110;2;4
1111;1;2
1111;2;2
1112;2;5
1113;2;7
1114;2;7
1115;2;2
1116;2;8
1117;1;19
1117;2;19
1118;2;22
1119;2;11
1120;2;9
1121;2;27
1122;2;8
1123;2;11
1124;2;11
1125;2;11
1126;2;19
1127;2;4
1128;2;7
1129;1;6
1129;2;6
1130;2;24
1131;2;5
1132;2;7
1133;2;24
1134;2;27
1135;1;8
1135;2;8
1136;2;24
1137;2;3
1138;2;3
1139;2;27
1140;2;22
1141;2;30
1142;2;1
1143;2;26
1144;2;30
1145;2;1
1146;2;3
1147;1;4
1147;2;4
1148;2;15
1149;1;3
1149;2;3
1150;2;24
1151;1;5
1151;2;5
1152;2;27
1153;1;3
1153;2;3
1154;2;4
1155;2;15
1156;2;29
1157;2;22
1158;2;27
1159;1;2
1159;2;2
1160;2;22
1161;2;7
1162;2;23
1163;2;5
1164;2;7
1165;2;8
1166;2;4
1167;2;8
1168;2;8
1169;2;2
1170;2;36
1171;2;5
1172;1;10
1172;2;10
1173;2;8
1174;2;17
1175;2;24
1176;1;11
1176;2;11
1177;2;10
1178;1;3
1178;2;3
1179;2;4
1180;2;4
1181;2;22
1182;2;11
1183;2;11
1184;2;7
1185;2;8
1186;2;27
1187;2;19
1188;1;2
1188;2;2
1189;2;22
1190;2;6
1191;1;1
1191;2;1
1192;2;1
1193;1;1
1193;2;1
1194;2;1
1195;2;17
1196;2;27
1197;2;2
1198;2;5
1199;2;17
1200;2;30
1201;1;1
1201;2;1
1202;1;4
1202;2;4
1203;1;2
1203;2;2
1204;1;2
1204;2;2
1205;2;27
1206;1;1
1206;2;1
1207;1;17
1207;2;17
1208;1;7
1208;2;7
1209;2;5
1210;1;1
1210;2;1
1211;1;4
1211;2;4
1212;2;7
1213;2;7
1214;2;18
1215;1;1
1215;2;1
1216;2;7
1217;2;17
1218;1;17
1218;2;17
1219;2;10
1220;2;8
1221;2;7
1222;1;1
1222;2;1
1223;2;3
1224;1;1
1224;2;1
1225;2;7
1226;2;1
1227;2;5
1228;2;8
1229;2;27
1230;2;8
1231;2;30
1232;1;3
1232;2;3
1233;2;2
1234;2;7
1235;2;2
1236;2;2
1237;2;8
1238;2;3
1239;2;19
1240;2;14
1241;2;1
1242;2;36
1243;2;1
1244;2;7
1245;2;5
1246;2;2
1247;2;5
1248;2;36
1249;2;8
1250;2;1
1251;2;27
1252;1;4
1252;2;4
1253;2;8
1254;2;10
1255;2;27
1256;2;5
1257;2;10
1258;2;1
1259;2;22
1260;1;8
1260;2;8
1261;2;27
1262;2;22
1263;2;3
1264;2;5
1265;2;3
1266;1;2
1266;2;2
1267;2;7
1268;2;23
1269;2;17
1270;2;1
1271;2;4
1272;2;27
1273;2;11
1274;1;11
1274;2;11
1275;1;8
1275;2;8
1276;2;4
1277;2;8
1278;2;8
1279;1;4
1279;2;4
1280;2;22
1281;1;8
1281;2;8
1282;2;5
1283;2;5
1284;1;2
1284;2;2
1285;2;30
1286;2;4
1287;2;2
1288;2;2
1289;1;7
1289;2;7
1290;2;2
1291;2;7
1292;2;4
1293;1;6
1293;2;6
1294;2;7
1295;2;10
1296;2;10
1297;2;5
1298;2;1
1299;1;2
1299;2;2
1300;2;7
1301;1;8
1301;2;8
1302;2;22
1303;2;8
1304;2;27
1305;2;30
1306;2;1
1307;2;8
1308;2;22
1309;2;30
1310;2;27
1311;2;22
1312;2;7
1313;2;2
1314;2;5
1315;2;11
1316;2;11
1317;2;23
1318;2;27
1319;2;5
1320;2;4
1321;2;18
1322;2;27
1323;2;3
1324;2;3
1325;2;22
1326;2;8
1327;2;3
1328;2;27
1329;1;1
1329;2;1
1330;2;14
1331;1;1
1331;2;1
1332;2;22
1333;2;30
1334;2;7
1335;2;30
1336;2;3
1337;1;17
1337;2;17
1338;2;17
1339;2;1
1340;2;13
1341;1;2
1341;2;2
1342;2;2
1343;1;2
1343;2;2
1344;1;15
1344;2;15
1345;2;7
1346;2;22
1347;2;22
1348;2;30
1349;2;7
1350;1;4
1350;2;4
1351;2;15
1352;2;6
1353;2;1
1354;1;6
1354;2;6
1355;1;5
1355;2;5
1356;2;17
1357;2;7
1358;2;2
1359;2;12
1360;1;3
1360;2;3
1361;2;10
1362;1;1
1362;2;1
1363;1;5
1363;2;5
1364;2;10
1365;2;7
1366;2;1
1367;2;22
1368;2;27
1369;2;22
1370;1;3
1370;2;3
1371;2;3
1372;2;4
1373;2;1
1374;2;17
1375;1;1
1375;2;1
1376;2;27
1377;2;22
1378;2;1
1379;2;22
1380;2;30
1381;2;5
1382;2;10
1383;2;10
1384;2;7
1385;2;24
1386;2;1
1387;2;8
1388;2;1
1389;2;2
1390;2;4
1391;1;1
1391;2;1
1392;2;5
1393;2;11
1394;1;1
1394;2;1
1395;2;7
1396;2;22
1397;2;2
1398;2;3
1399;1;4
1399;2;4
1400;2;30
1401;1;2
1401;2;2
1402;1;1
1402;2;1
1403;2;5
1404;2;27
1405;2;27
1406;1;11
1406;2;11
1407;2;4
1408;2;8
1409;2;27
1410;2;36
1411;1;8
1411;2;8
1412;1;4
1412;2;4
1413;2;22
1414;2;10
1415;1;7
1415;2;7
1416;2;3
1417;1;17
1417;2;17
1418;1;2
1418;2;2
1419;1;1
1419;2;1
1420;1;5
1420;2;5
1421;2;24
1422;1;1
1422;2;1
1423;2;2
1424;1;17
1424;2;17
1425;2;7
1426;2;22
1427;2;1
1428;2;8
1429;2;7
1430;2;2
1431;1;8
1431;2;8
1432;1;3
1432;2;3
1433;2;8
1434;2;22
1435;2;2
1436;2;3
1437;2;2
1438;2;1
1439;2;8
1440;2;8
1441;1;1
1441;2;1
1442;2;30
1443;1;2
1443;2;2
1444;2;3
1445;1;2
1445;2;2
1446;2;1
1447;1;8
1447;2;8
1448;2;7
1449;2;1
1450;1;2
1450;2;2
1451;2;22
1452;2;8
1453;1;1
1453;2;1
1454;2;2
1455;2;8
1456;2;7
1457;2;2
1458;1;17
1458;2;17
1459;2;27
1460;2;22
1461;1;1
1461;2;1
1462;2;20
1463;2;7
1464;2;27
1465;2;22
1466;2;21
1467;1;19
1467;2;19
1468;1;3
1468;2;3
1469;2;27
1470;2;3
1471;2;4
1472;2;10
1473;2;3
1474;2;36
1475;2;1
1476;2;4
1477;2;27
1478;2;24
1479;1;5
1479;2;5
1480;2;10
1481;1;3
1481;2;3
1482;2;1
1483;2;19
1484;2;12
1485;2;22
1486;1;2
1486;2;2
1487;2;8
1488;1;2
1488;2;2
1489;1;1
1489;2;1
1490;2;22
1491;2;28
1492;2;6
1493;2;11
1494;2;3
1495;1;1
1495;2;1
1496;2;4
1497;2;10
1498;1;8
1498;2;8
1499;2;3
1500;1;17
1500;2;17
1501;2;7
1502;2;8
1503;2;30
1504;2;11
1505;1;4
1505;2;4
1506;2;4
1507;2;22
1508;2;22
1509;2;2
1510;2;27
1511;2;8
1512;2;8
1513;2;15
1514;2;3
1515;2;10
1516;2;30
1517;1;1
1517;2;1
1518;2;1
1519;2;17
1520;1;2
1520;2;2
1521;2;5
1522;2;27
1523;1;1
1523;2;1
1524;2;1
1525;2;4
1526;1;2
1526;2;2
1527;2;27
1528;1;1
1528;2;1
1529;2;22
1530;1;17
1530;2;17
1531;2;22
1532;2;3
1533;2;22
1534;2;22
1535;2;19
1536;2;8
1537;1;3
1537;2;3
1538;2;7
1539;2;4
1540;2;2
1541;1;5
1541;2;5
1542;1;4
1542;2;4
1543;2;6
1544;2;9
1545;2;36
1546;2;8
1547;1;5
1547;2;5
1548;2;19
1549;2;19
1550;2;36
1551;2;1
1552;2;7
1553;2;5
1554;2;7
1555;2;6
1556;2;22
1557;2;30
1558;2;27
1559;2;1
1560;2;29
1561;2;22
1562;1;8
1562;2;8
1563;2;1
1564;1;17
1564;2;17
1565;2;4
1566;2;11
1567;2;18
1568;2;2
1569;2;22
1570;1;5
1570;2;5
1571;1;3
1571;2;3
1572;2;36
1573;2;8
1574;2;11
1575;2;10
1576;2;22
1577;1;6
1577;2;6
1578;2;30
1579;2;2
1580;2;27
1581;1;1
1581;2;1
1582;2;27
1583;2;33
1584;2;2
1585;2;10
1586;2;10
1587;1;3
1587;2;3
1588;2;27
1589;1;5
1589;2;5
1590;2;1
1591;2;1
1592;1;1
1592;2;1
1593;2;10
1594;2;4
1595;2;1
1596;1;4
1596;2;4
1597;2;8
1598;2;2
1599;2;15
1600;2;1
1601;1;10
1601;2;10
1602;2;3
1603;1;1
1603;2;1
1604;2;27
1605;2;8
1606;1;1
1606;2;1
1607;2;7
1608;2;2
1609;1;8
1609;2;8
1610;2;27
1611;1;11
1611;2;11
1612;2;1
1613;2;4
1614;1;7
1614;2;7
1615;2;7
1616;2;11
1617;2;27
1618;2;36
1619;2;24
1620;2;15
1621;2;2
1622;2;29
1623;2;30
1624;2;1
1625;1;4
1625;2;4
1626;2;4
1627;2;4
1628;2;5
1629;2;8
1630;2;24
1631;2;5
1632;2;2
1633;1;19
1633;2;19
1634;1;19
1634;2;19
1635;2;4
1636;2;22
1637;2;5
1638;2;27
1639;2;1
1640;2;8
1641;1;19
1641;2;19
1642;2;6
1643;2;7
1644;1;3
1644;2;3
1645;2;22
1646;2;7
1647;2;4
1648;2;15
1649;2;1
1650;2;5
1651;2;3
1652;2;22
1653;2;7
1654;2;11
1655;2;4
1656;2;22
1657;1;8
1657;2;8
1658;2;7
1659;1;8
1659;2;8
1660;2;30
1661;2;27
1662;2;22
1663;2;19
1664;2;24
1665;2;5
1666;2;29
1667;2;30
1668;2;4
1669;1;36
1669;2;36
1670;2;30
1671;2;30
1672;2;3
1673;2;16
1674;2;29
1675;2;2
1676;2;5
1677;2;30
1678;2;7
1679;1;1
1679;2;1
1680;1;36
1680;2;36
1681;2;22
1682;2;36
1683;1;2
1683;2;2
1684;1;4
1684;2;4
1685;2;11
1686;1;1
1686;2;1
1687;1;2
1687;2;2
1688;1;1
1688;2;1
1689;1;1
1689;2;1
1690;2;30
1691;2;22
1692;2;27
1693;1;4
1693;2;4
1694;1;1
1694;2;1
1695;1;5
1695;2;5
1696;1;11
1696;2;11
1697;1;7
1697;2;7
1698;2;1
1699;2;4
1700;2;8
1701;2;17
1702;1;11
1702;2;11
1703;2;10
1704;2;22
1705;2;36
1706;2;2
1707;2;2
1708;2;8
1709;2;18
1710;1;1
1710;2;1
1711;1;1
1711;2;1
1712;2;5
1713;2;1
1714;2;3
1715;2;22
1716;2;5
1717;1;1
1717;2;1
1718;2;5
1719;2;4
1720;2;22
1721;2;5
1722;2;2
1723;1;4
1723;2;4
1724;1;2
1724;2;2
1725;2;7
1726;2;2
1727;2;1
1728;2;4
1729;1;2
1729;2;2
1730;2;30
1731;2;5
1732;1;4
1732;2;4
1733;2;1
1734;1;17
1734;2;17
1735;2;7
1736;2;30
1737;2;18
1738;1;19
1738;2;19
1739;1;2
1739;2;2
1740;2;29
1741;2;10
1742;1;17
1742;2;17
1743;2;22
1744;1;11
1744;2;11
1745;1;11
1745;2;11
1746;2;27
1747;2;1
1748;2;17
1749;1;6
1749;2;6
1750;2;5
1751;2;24
1752;2;5
1753;2;4
1754;2;27
1755;2;7
1756;2;22
1757;2;8
1758;1;3
1758;2;3
1759;2;17
1760;2;3
1761;1;1
1761;2;1
1762;2;27
1763;2;30
1764;2;8
1765;1;1
1765;2;1
1766;2;2
1767;2;4
1768;2;8
1769;2;14
1770;2;36
1771;1;1
1771;2;1
1772;2;7
1773;2;4
1774;1;1
1774;2;1
1775;2;29
1776;2;19
1777;2;2
1778;2;2
1779;2;4
1780;2;3
1781;2;22
1782;1;6
1782;2;6
1783;2;4
1784;2;1
1785;1;17
1785;2;17
1786;2;30
1787;2;30
1788;2;8
1789;1;16
1789;2;16
1790;1;4
1790;2;4
1791;2;4
1792;2;3
1793;2;7
1794;2;7
1795;2;4
1796;2;8
1797;2;11
1798;2;1
1799;2;7
1800;2;3
1801;2;2
1802;2;27
1803;2;3
1804;2;22
1805;2;3
1806;2;2
1807;2;2
1808;1;3
1808;2;3
1809;2;36
1810;1;1
1810;2;1
1811;2;22
1812;2;7
1813;1;1
1813;2;1
1814;2;22
1815;2;3
1816;2;4
1817;2;36
1818;2;27
1819;2;11
1820;2;7
1821;2;27
1822;2;8
1823;2;30
1824;2;5
1825;2;2
1826;2;8
1827;2;10
1828;2;2
1829;2;7
1830;2;5
1831;2;30
1832;2;22
1833;2;22
1834;1;8
1834;2;8
1835;2;3
1836;2;7
1837;2;2
1838;1;1
1838;2;1
1839;2;1
1840;2;30
1841;2;30
1842;2;11
1843;1;19
1843;2;19
1844;2;7
1845;1;11
1845;2;11
1846;2;11
1847;2;4
1848;2;7
1849;1;2
1849;2;2
1850;2;27
1851;2;22
1852;1;5
1852;2;5
1853;2;27
1854;1;5
1854;2;5
1855;2;7
1856;2;7
1857;2;22
1858;1;1
1858;2;1
1859;2;22
1860;2;4
1861;2;27
1862;1;10
1862;2;10
1863;2;27
1864;2;30
1865;1;5
1865;2;5
1866;2;2
1867;2;22
1868;2;24
1869;1;5
1869;2;5
1870;2;22
1871;2;7
1872;2;1
1873;1;4
1873;2;4
1874;2;2
1875;2;2
1876;2;22
1877;2;1
1878;2;29
1879;2;18
1880;2;3
1881;2;27
1882;2;36
1883;1;19
1883;2;19
1884;1;5
1884;2;5
1885;2;2
1886;1;3
1886;2;3
1887;1;11
1887;2;11
1888;2;3
1889;2;22
1890;2;8
1891;2;2
1892;2;33
1893;1;10
1893;2;10
1894;2;7
1895;2;22
1896;2;36
1897;2;8
1898;2;5
1899;2;10
1900;2;19
1901;1;19
1901;2;19
1902;2;2
1903;1;2
1903;2;2
1904;2;1
1905;2;5
1906;2;7
1907;2;8
1908;2;22
1909;1;4
1909;2;4
1910;2;7
1911;2;7
1912;1;1
1912;2;1
1913;2;4
1914;1;5
1914;2;5
1915;2;30
1916;1;8
1916;2;8
1917;2;18
1918;2;18
1919;2;8
1920;2;4
1921;2;22
1922;1;1
1922;2;1
1923;1;2
1923;2;2
1924;1;3
1924;2;3
1925;2;2
1926;2;22
1927;2;7
1928;2;27
1929;2;5
1930;2;36
1931;2;27
1932;2;27
1933;2;1
1934;2;2
1935;2;3
1936;2;3
1937;2;7
1938;2;2
1939;2;5
1940;2;22
1941;1;8
1941;2;8
1942;2;4
1943;2;8
1944;1;5
1944;2;5
1945;1;1
1945;2;1
1946;1;3
1946;2;3
1947;2;4
1948;1;3
1948;2;3
1949;2;7
1950;1;8
1950;2;8
1951;2;22
1952;1;3
1952;2;3
1953;2;23
1954;2;23
1955;2;3
1956;1;4
1956;2;4
1957;2;11
1958;2;3
1959;2;1
1960;2;8
1961;2;2
1962;2;8
1963;1;5
1963;2;5
1964;2;10
1965;2;7
1966;2;10
1967;1;8
1967;2;8
1968;2;36
1969;2;4
1970;2;3
1971;2;10
1972;2;19
1973;2;2
1974;2;22
1975;2;2
1976;2;1
1977;2;7
1978;2;22
1979;1;3
1979;2;3
1980;2;27
1981;2;22
1982;1;5
1982;2;5
1983;1;17
1983;2;17
1984;1;1
1984;2;1
1985;2;1
1986;1;3
1986;2;3
1987;1;17
1987;2;17
1988;2;22
1989;2;27
1990;2;1
1991;2;3
1992;2;12
1993;2;7
1994;1;2
1994;2;2
1995;2;4
1996;1;8
1996;2;8
1997;2;5
1998;1;5
1998;2;5
1999;1;2
1999;2;2
2000;2;4
2001;2;27
2002;2;11
2003;1;1
2003;2;1
2004;2;4
2005;2;27
2006;1;8
2006;2;8
2007;1;3
2007;2;3
2008;2;19
2009;1;1
2009;2;1
2010;2;7
2011;2;1
2012;1;2
2012;2;2
2013;1;19
2013;2;19
2014;2;7
2015;2;4
2016;2;22
2017;2;12
2018;2;11
2019;2;20
2020;2;1
2021;2;4
2022;2;3
2023;2;30
2024;2;4
2025;2;1
2026;1;19
2026;2;19
2027;2;1
2028;2;5
2029;1;19
2029;2;19
2030;2;4
2031;1;4
2031;2;4
2032;1;6
2032;2;6
2033;2;5
2034;2;2
2035;2;30
2036;2;30
2037;1;5
2037;2;5
2038;2;7
2039;1;1
2039;2;1
2040;2;11
2041;2;13
2042;2;3
2043;2;22
2044;1;8
2044;2;8
2045;2;7
2046;1;19
2046;2;19
2047;2;1
2048;2;3
2049;2;2
2050;2;8
2051;2;7
2052;1;2
2052;2;2
2053;2;24
2054;2;5
2055;2;27
2056;1;17
2056;2;17
2057;2;30
2058;2;27
2059;2;22
2060;2;11
2061;1;3
2061;2;3
2062;2;22
2063;2;8
2064;2;30
2065;2;10
2066;2;3
2067;2;36
2068;2;22
2069;2;8
2070;1;17
2070;2;17
2071;2;26
2072;2;3
2073;2;11
2074;1;4
2074;2;4
2075;2;27
2076;2;4
2077;1;3
2077;2;3
2078;2;7
2079;2;27
2080;1;1
2080;2;1
2081;2;22
2082;2;8
2083;1;1
2083;2;1
2084;2;3
2085;2;8
2086;2;20
2087;1;8
2087;2;8
2088;2;22
2089;1;1
2089;2;1
2090;1;5
2090;2;5
2091;2;7
2092;2;2
2093;1;2
2093;2;2
2094;1;3
2094;2;3
2095;2;4
2096;2;29
2097;2;7
2098;2;25
2099;1;11
2099;2;11
2100;2;6
2101;2;30
2102;1;17
2102;2;17
2103;1;2
2103;2;2
2104;2;1
2105;2;3
2106;2;5
2107;1;2
2107;2;2
2108;2;27
2109;2;2
2110;1;17
2110;2;17
2111;2;4
2112;2;24
2113;1;5
2113;2;5
2114;2;30
2115;2;22
2116;1;1
2116;2;1
2117;1;4
2117;2;4
2118;2;3
2119;2;22
2120;2;30
2121;1;1
2121;2;1
2122;2;11
2123;2;8
2124;2;30
2125;2;5
2126;2;30
2127;1;5
2127;2;5
2128;1;2
2128;2;2
2129;2;1
2130;2;27
2131;1;4
2131;2;4
2132;2;7
2133;2;5
2134;2;22
2135;2;7
2136;2;2
2137;2;22
2138;2;1
2139;1;5
2139;2;5
2140;2;3
2141;2;22
2142;1;4
2142;2;4
2143;1;8
2143;2;8
2144;1;5
2144;2;5
2145;2;22
2146;2;5
2147;2;5
2148;2;7
2149;2;2
2150;2;7
2151;2;27
2152;2;2
2153;1;5
2153;2;5
2154;1;3
2154;2;3
2155;2;22
2156;2;4
2157;2;3
2158;1;19
2158;2;19
2159;2;5
2160;2;30
2161;2;22
2162;1;1
2162;2;1
2163;1;8
2163;2;8
2164;2;13
2165;2;7
2166;2;22
2167;1;1
2167;2;1
2168;2;5
2169;2;1
2170;2;7
2171;2;7
2172;2;30
2173;1;2
2173;2;2
2174;1;1
2174;2;1
2175;2;5
2176;1;1
2176;2;1
2177;2;8
2178;2;18
2179;1;1
2179;2;1
2180;2;28
2181;2;11
2182;2;2
2183;2;9
2184;1;10
2184;2;10
2185;2;13
2186;2;3
2187;1;2
2187;2;2
2188;2;2
2189;1;19
2189;2;19
2190;2;1
2191;1;6
2191;2;6
2192;1;19
2192;2;19
2193;2;3
2194;2;3
2195;1;5
2195;2;5
2196;2;22
2197;2;1
2198;2;7
2199;2;2
2200;2;6
2201;1;3
2201;2;3
2202;2;4
2203;2;29
2204;2;22
2205;2;30
2206;1;5
2206;2;5
2207;2;6
2208;2;15
2209;2;2
2210;2;5
2211;1;4
2211;2;4
2212;1;5
2212;2;5
2213;2;4
2214;1;17
2214;2;17
2215;2;22
2216;1;4
2216;2;4
2217;2;8
2218;2;27
2219;2;7
2220;1;4
2220;2;4
2221;2;24
2222;2;6
2223;2;1
2224;2;4
2225;2;4
2226;2;30
2227;2;22
2228;2;1
2229;2;18
2230;1;11
2230;2;11
2231;2;3
2232;2;27
2233;2;1
2234;1;14
2234;2;14
2235;2;5
2236;2;5
2237;1;2
2237;2;2
2238;2;7
2239;2;1
2240;1;4
2240;2;4
2241;2;6
2242;2;22
2243;2;22
2244;2;7
2245;2;4
2246;2;7
2247;2;2
2248;1;3
2248;2;3
2249;2;4
2250;1;19
2250;2;19
2251;2;7
2252;2;6
2253;2;3
2254;2;29
2255;2;23
2256;1;4
2256;2;4
2257;1;3
2257;2;3
2258;2;13
2259;2;3
2260;2;17
2261;1;1
2261;2;1
2262;2;1
2263;2;5
2264;2;2
2265;1;10
2265;2;10
2266;2;27
2267;2;8
2268;2;6
2269;1;4
2269;2;4
2270;1;1
2270;2;1
2271;2;4
2272;2;3
2273;2;29
2274;2;3
2275;1;8
2275;2;8
2276;2;24
2277;2;24
2278;2;2
2279;1;1
2279;2;1
2280;2;3
2281;1;17
2281;2;17
2282;2;10
2283;2;2
2284;1;3
2284;2;3
2285;1;8
2285;2;8
2286;2;22
2287;2;7
2288;2;7
2289;1;6
2289;2;6
2290;2;4
2291;2;3
2292;1;5
2292;2;5
2293;2;20
2294;2;2
2295;2;19
2296;1;13
2296;2;13
2297;2;13
2298;1;3
2298;2;3
2299;1;1
2299;2;1
2300;2;7
2301;1;1
2301;2;1
2302;1;2
2302;2;2
2303;2;2
2304;2;3
2305;1;8
2305;2;8
2306;2;3
2307;1;5
2307;2;5
2308;2;3
2309;2;7
2310;2;11
2311;1;4
2311;2;4
2312;2;24
2313;1;2
2313;2;2
2314;2;27
2315;1;4
2315;2;4
2316;2;2
2317;2;7
2318;1;3
2318;2;3
2319;2;4
2320;2;30
2321;2;3
2322;2;6
2323;2;1
2324;2;2
2325;2;4
2326;2;30
2327;2;2
2328;1;10
2328;2;10
2329;2;1
2330;2;1
2331;2;5
2332;1;2
2332;2;2
2333;2;7
2334;2;7
2335;2;22
2336;2;2
2337;1;1
2337;2;1
2338;2;3
2339;2;30
2340;2;5
2341;1;7
2341;2;7
2342;2;13
2343;2;6
2344;2;7
2345;2;1
2346;2;8
2347;2;22
2348;2;1
2349;2;5
2350;2;7
2351;1;2
2351;2;2
2352;2;36
2353;2;4
2354;2;19
2355;2;10
2356;2;11
2357;2;5
2358;2;4
2359;2;29
2360;2;3
2361;2;30
2362;2;2
2363;2;27
2364;2;13
2365;2;30
2366;1;3
2366;2;3
2367;2;5
2368;1;4
2368;2;4
2369;2;5
2370;1;8
2370;2;8
2371;2;2
2372;2;22
2373;1;1
2373;2;1
2374;2;30
2375;1;5
2375;2;5
2376;2;27
2377;2;27
2378;1;10
2378;2;10
2379;2;8
2380;2;29
2381;2;22
2382;2;1
2383;1;1
2383;2;1
2384;2;7
2385;1;11
2385;2;11
2386;2;11
2387;1;11
2387;2;11
2388;2;22
2389;1;11
2389;2;11
2390;1;17
2390;2;17
2391;2;11
2392;2;10
2393;2;19
2394;1;6
2394;2;6
2395;2;22
2396;2;5
2397;1;1
2397;2;1
2398;1;2
2398;2;2
2399;2;2
2400;2;3
2401;2;22
2402;1;2
2402;2;2
2403;2;9
2404;2;4
2405;2;24
2406;2;2
2407;2;1
2408;2;30
2409;2;8
2410;1;2
2410;2;2
2411;2;2
2412;2;10
2413;2;27
2414;2;3
2415;2;4
2416;2;2
2417;1;5
2417;2;5
2418;2;24
2419;2;15
2420;2;19
2421;1;8
2421;2;8
2422;1;2
2422;2;2
2423;2;27
2424;2;7
2425;2;27
2426;2;10
2427;1;8
2427;2;8
2428;2;7
2429;2;7
2430;2;7
2431;2;7
2432;2;2
2433;1;1
2433;2;1
2434;2;1
2435;1;8
2435;2;8
2436;2;10
2437;1;4
2437;2;4
2438;1;2
2438;2;2
2439;1;19
2439;2;19
2440;1;36
2440;2;36
2441;2;7
2442;1;8
2442;2;8
2443;1;1
2443;2;1
2444;1;2
2444;2;2
2445;2;17
2446;2;3
2447;2;7
2448;2;5
2449;1;4
2449;2;4
2450;2;7
2451;2;22
2452;2;6
2453;2;9
2454;2;22
2455;2;27
2456;2;10
2457;2;4
2458;2;27
2459;2;27
2460;2;19
2461;2;3
2462;2;22
2463;1;5
2463;2;5
2464;2;18
2465;1;6
2465;2;6
2466;2;15
2467;2;7
2468;2;19
2469;2;8
2470;2;17
2471;1;4
2471;2;4
2472;1;19
2472;2;19
2473;2;27
2474;2;30
2475;2;6
2476;2;6
2477;1;10
2477;2;10
2478;1;3
2478;2;3
2479;2;3
2480;1;3
2480;2;3
2481;2;2
2482;2;1
2483;1;11
2483;2;11
2484;1;8
2484;2;8
2485;2;5
2486;2;22
2487;2;5
2488;2;36
2489;2;1
2490;1;19
2490;2;19
2491;2;22
2492;1;5
2492;2;5
2493;2;22
2494;2;4
2495;2;7
2496;2;1
2497;2;30
2498;2;2
2499;2;4
2500;2;5
2501;2;4
2502;1;3
2502;2;3
2503;2;19
2504;2;3
2505;2;10
2506;2;11
2507;1;4
2507;2;4
2508;1;1
2508;2;1
2509;2;7
2510;2;5
2511;2;8
2512;2;23
2513;2;23
2514;1;36
2514;2;36
2515;2;30
2516;2;36
2517;2;5
2518;2;2
2519;2;30
2520;2;22
2521;2;12
2522;2;1
2523;2;3
2524;2;5
2525;2;22
2526;2;24
2527;2;29
2528;2;22
2529;2;5
2530;1;19
2530;2;19
2531;2;5
2532;2;3
2533;2;27
2534;2;10
2535;2;1
2536;1;1
2536;2;1
2537;2;36
2538;1;2
2538;2;2
2539;2;17
2540;1;19
2540;2;19
2541;2;3
2542;2;6
2543;2;3
2544;2;1
2545;1;8
2545;2;8
2546;2;3
2547;1;1
2547;2;1
2548;1;1
2548;2;1
2549;1;6
2549;2;6
2550;2;4
2551;2;17
2552;1;1
2552;2;1
2553;1;2
2553;2;2
2554;2;22
2555;2;16
2556;2;3
2557;2;5
2558;2;8
2559;2;1
2560;2;2
2561;1;4
2561;2;4
2562;2;4
2563;2;8
2564;2;4
2565;2;27
2566;2;19
2567;2;19
2568;2;23
2569;1;1
2569;2;1
2570;2;2
2571;2;5
2572;2;4
2573;2;4
2574;2;1
2575;2;29
2576;2;27
2577;2;4
2578;2;5
2579;2;2
2580;2;5
2581;2;19
2582;2;8
2583;2;8
2584;2;1
2585;2;22
2586;2;27
2587;1;17
2587;2;17
2588;1;17
2588;2;17
2589;2;9
2590;2;3
2591;2;18
2592;1;1
2592;2;1
2593;1;5
2593;2;5
2594;2;4
2595;2;8
2596;2;7
2597;2;2
2598;2;5
2599;2;2
2600;2;4
2601;1;6
2601;2;6
2602;1;1
2602;2;1
2603;2;22
2604;2;11
2605;2;3
2606;2;1
2607;2;5
2608;2;3
2609;2;3
2610;2;22
2611;1;4
2611;2;4
2612;2;1
2613;2;2
2614;2;3
2615;2;23
2616;1;3
2616;2;3
2617;2;7
2618;2;36
2619;2;22
2620;2;7
2621;1;3
2621;2;3
2622;1;4
2622;2;4
2623;1;4
2623;2;4
2624;2;2
2625;2;33
2626;1;1
2626;2;1
2627;2;5
2628;1;2
2628;2;2
2629;1;6
2629;2;6
2630;2;8
2631;2;36
2632;2;7
2633;2;1
2634;2;17
2635;1;7
2635;2;7
2636;2;10
2637;2;24
2638;2;22
2639;2;22
2640;2;8
2641;2;22
2642;2;26
2643;2;4
2644;2;8
2645;2;2
2646;2;4
2647;2;5
2648;1;3
2648;2;3
2649;2;3
2650;2;22
2651;2;7
2652;2;16
2653;1;6
2653;2;6
2654;1;11
2654;2;11
2655;1;8
2655;2;8
2656;2;27
2657;1;19
2657;2;19
2658;1;5
2658;2;5
2659;1;19
2659;2;19
2660;1;3
2660;2;3
2661;2;27
2662;2;22
2663;2;7
2664;2;22
2665;1;10
2665;2;10
2666;2;2
2667;2;22
2668;2;27
2669;1;2
2669;2;2
2670;1;4
2670;2;4
2671;2;27
2672;2;2
2673;2;1
2674;2;27
2675;2;10
2676;1;5
2676;2;5
2677;2;8
2678;2;17
2679;2;33
2680;2;4
2681;1;4
2681;2;4
2682;2;5
2683;1;2
2683;2;2
2684;2;8
2685;2;3
2686;2;7
2687;2;9
2688;2;7
2689;2;9
2690;2;22
2691;2;7
2692;2;2
2693;2;3
2694;1;8
2694;2;8
2695;2;7
2696;2;7
2697;2;36
2698;2;18
2699;2;4
2700;2;3
2701;1;5
2701;2;5
2702;2;27
2703;2;8
2704;2;1
2705;2;7
2706;2;10
2707;2;7
2708;2;7
2709;2;8
2710;2;5
2711;2;8
2712;2;15
2713;2;2
2714;2;10
2715;2;8
2716;2;3
2717;2;30
2718;2;23
2719;1;19
2719;2;19
2720;2;1
2721;2;5
2722;2;30
2723;1;3
2723;2;3
2724;2;1
2725;2;30
2726;2;4
2727;1;4
2727;2;4
2728;2;18
2729;2;11
2730;2;2
2731;2;22
2732;2;7
2733;1;2
2733;2;2
2734;2;27
2735;2;3
2736;2;36
2737;2;24
2738;2;22
2739;2;7
2740;2;2
2741;2;3
2742;2;13
2743;1;1
2743;2;1
2744;2;7
2745;2;4
2746;2;5
2747;2;8
2748;2;22
2749;2;1
2750;2;4
2751;2;4
2752;1;5
2752;2;5
2753;1;5
2753;2;5
2754;2;1
2755;2;30
2756;2;10
2757;2;4
2758;2;2
2759;1;6
2759;2;6
2760;2;6
2761;2;1
2762;2;5
2763;2;2
2764;2;27
2765;2;20
2766;2;18
2767;2;1
2768;2;8
2769;1;19
2769;2;19
2770;2;3
2771;1;5
2771;2;5
2772;2;2
2773;2;1
2774;1;2
2774;2;2
2775;2;23
2776;1;3
2776;2;3
2777;2;5
2778;2;27
2779;2;4
2780;2;5
2781;2;6
2782;1;8
2782;2;8
2783;2;4
2784;2;13
2785;2;14
2786;1;2
2786;2;2
2787;2;27
2788;2;7
2789;2;7
2790;2;7
2791;2;17
2792;2;6
2793;1;5
2793;2;5
2794;2;3
2795;2;7
2796;2;5
2797;2;1
2798;2;5
2799;1;5
2799;2;5
2800;1;1
2800;2;1
2801;2;3
2802;2;22
2803;1;10
2803;2;10
2804;2;36
2805;2;5
2806;1;1
2806;2;1
2807;2;24
2808;2;7
2809;2;22
2810;1;3
2810;2;3
2811;2;22
2812;2;8
2813;2;13
2814;2;3
2815;2;1
2816;2;30
2817;2;1
2818;2;8
2819;2;5
2820;1;10
2820;2;10
2821;2;8
2822;2;9
2823;1;4
2823;2;4
2824;2;1
2825;2;36
2826;2;2
2827;1;3
2827;2;3
2828;2;36
2829;1;2
2829;2;2
2830;2;27
2831;2;2
2832;2;8
2833;2;8
2834;2;22
2835;2;1
2836;2;7
2837;2;4
2838;2;2
2839;2;19
2840;2;22
2841;2;17
2842;2;22
2843;2;5
2844;2;10
2845;2;3
2846;2;4
2847;2;5
2848;2;7
2849;1;2
2849;2;2
2850;2;17
2851;2;1
2852;2;11
2853;2;5
2854;2;27
2855;2;19
2856;1;19
2856;2;19
2857;2;5
2858;2;2
2859;2;27
2860;2;36
2861;2;10
2862;2;3
2863;2;11
2864;2;7
2865;2;3
2866;2;22
2867;1;4
2867;2;4
2868;2;7
2869;2;28
2870;2;22
2871;2;7
2872;2;17
2873;1;2
2873;2;2
2874;2;22
2875;2;27
2876;2;1
2877;2;4
2878;2;7
2879;2;7
2880;1;4
2880;2;4
2881;2;5
2882;1;1
2882;2;1
2883;2;14
2884;2;22
2885;2;1
2886;2;3
2887;2;7
2888;2;5
2889;2;5
2890;2;8
2891;1;19
2891;2;19
2892;2;36
2893;2;4
2894;2;2
2895;2;15
2896;2;3
2897;1;8
2897;2;8
2898;2;17
2899;2;7
2900;1;11
2900;2;11
2901;2;24
2902;1;3
2902;2;3
2903;2;7
2904;2;28
2905;2;27
2906;1;4
2906;2;4
2907;2;2
2908;1;3
2908;2;3
2909;2;5
2910;2;9
2911;2;5
2912;1;4
2912;2;4
2913;2;7
2914;2;20
2915;1;5
2915;2;5
2916;2;5
2917;2;5
2918;2;22
2919;1;4
2919;2;4
2920;2;5
2921;2;22
2922;2;22
2923;2;25
2924;2;3
2925;2;4
2926;2;29
2927;1;1
2927;2;1
2928;2;2
2929;1;8
2929;2;8
2930;2;7
2931;2;11
2932;2;1
2933;1;3
2933;2;3
2934;2;7
2935;1;1
2935;2;1
2936;1;8
2936;2;8
2937;2;7
2938;2;30
2939;2;5
2940;2;26
2941;2;27
2942;2;11
2943;2;17
2944;1;7
2944;2;7
2945;2;24
2946;2;2
2947;1;2
2947;2;2
2948;1;2
2948;2;2
2949;2;2
2950;2;22
2951;2;22
2952;1;5
2952;2;5
2953;2;11
2954;2;7
2955;1;3
2955;2;3
2956;1;8
2956;2;8
2957;2;27
2958;1;19
2958;2;19
2959;2;7
2960;1;2
2960;2;2
2961;2;7
2962;2;22
2963;2;8
2964;2;30
2965;1;8
2965;2;8
2966;2;22
2967;2;4
2968;1;2
2968;2;2
2969;2;27
2970;2;7
2971;2;3
2972;2;18
2973;1;9
2973;2;9
2974;1;9
2974;2;9
2975;2;22
2976;1;2
2976;2;2
2977;2;22
2978;2;7
2979;1;8
2979;2;8
2980;2;8
2981;2;2
2982;2;29
2983;2;27
2984;2;5
2985;1;3
2985;2;3
2986;2;4
2987;2;11
2988;2;27
2989;2;5
2990;2;3
2991;1;5
2991;2;5
2992;1;2
2992;2;2
2993;2;2
2994;2;2
2995;1;1
2995;2;1
2996;2;7
2997;2;4
2998;1;1
2998;2;1
2999;2;10
3000;2;24
3001;2;3
3002;2;4
3003;1;1
3003;2;1
3004;2;6
3005;1;2
3005;2;2
3006;2;22
3007;1;8
3007;2;8
3008;2;6
3009;2;18
3010;2;30
3011;1;6
3011;2;6
3012;2;22
3013;2;1
3014;2;27
3015;2;27
3016;2;5
3017;2;19
3018;2;22
3019;2;3
3020;1;3
3020;2;3
3021;2;32
3022;2;3
3023;2;1
3024;2;4
3025;1;10
3025;2;10
3026;2;3
3027;1;2
3027;2;2
3028;1;16
3028;2;16
3029;1;2
3029;2;2
3030;2;22
3031;2;11
3032;2;2
3033;2;1
3034;2;27
3035;1;8
3035;2;8
3036;2;1
3037;2;36
3038;2;7
3039;2;27
3040;2;11
3041;2;3
3042;2;5
3043;2;1
3044;1;8
3044;2;8
3045;2;27
3046;2;1
3047;2;3
3048;2;2
3049;2;7
3050;2;7
3051;2;7
3052;2;3
3053;1;2
3053;2;2
3054;2;9
3055;2;2
3056;2;36
3057;2;1
3058;1;11
3058;2;11
3059;2;2
3060;1;3
3060;2;3
3061;2;19
3062;2;7
3063;2;3
3064;1;3
3064;2;3
3065;1;4
3065;2;4
3066;2;22
3067;2;7
3068;2;5
3069;2;9
3070;2;8
3071;2;24
3072;2;27
3073;2;30
3074;2;4
3075;2;5
3076;2;2
3077;2;5
3078;2;22
3079;2;4
3080;1;19
3080;2;19
3081;2;5
3082;2;36
3083;2;5
3084;2;36
3085;2;8
3086;2;1
3087;2;29
3088;2;31
3089;1;11
3089;2;11
3090;2;8
3091;2;13
3092;2;8
3093;2;18
3094;2;3
3095;2;8
3096;1;3
3096;2;3
3097;2;8
3098;2;2
3099;2;2
3100;1;1
3100;2;1
3101;2;27
3102;2;11
3103;2;6
3104;2;22
3105;2;22
3106;1;1
3106;2;1
3107;1;8
3107;2;8
3108;2;5
3109;2;36
3110;2;27
3111;2;22
3112;2;10
3113;2;22
3114;2;7
3115;2;27
3116;1;6
3116;2;6
3117;2;8
3118;1;1
3118;2;1
3119;2;2
3120;2;5
3121;2;7
3122;2;2
3123;2;2
3124;2;5
3125;1;2
3125;2;2
3126;1;21
3126;2;21
3127;1;1
3127;2;1
3128;2;7
3129;2;22
3130;2;4
3131;2;3
3132;1;2
3132;2;2
3133;2;8
3134;2;8
3135;2;2
3136;2;2
3137;2;10
3138;2;22
3139;2;11
3140;2;7
3141;2;18
3142;2;7
3143;2;36
3144;2;22
3145;1;1
3145;2;1
3146;2;29
3147;2;11
3148;2;9
3149;1;1
3149;2;1
3150;2;1
3151;2;3
3152;2;2
3153;2;30
3154;1;5
3154;2;5
3155;2;13
3156;1;1
3156;2;1
3157;2;30
3158;2;4
3159;2;7
3160;2;27
3161;2;11
3162;2;7
3163;2;2
3164;2;4
3165;1;1
3165;2;1
3166;2;7
3167;2;22
3168;2;8
3169;2;11
3170;1;5
3170;2;5
3171;2;22
3172;2;5
3173;2;7
3174;2;8
3175;2;4
3176;2;8
3177;2;11
3178;2;7
3179;2;2
3180;1;2
3180;2;2
3181;2;2
3182;2;5
3183;2;8
3184;2;29
3185;1;2
3185;2;2
3186;2;1
3187;2;27
3188;2;8
3189;2;1
3190;2;25
3191;2;3
3192;2;5
3193;2;19
3194;2;2
3195;2;11
3196;2;7
3197;2;7
3198;2;2
3199;2;22
3200;2;7
3201;2;16
3202;2;24
3203;2;22
3204;2;27
3205;2;5
3206;2;7
3207;2;1
3208;2;2
3209;2;1
3210;2;5
3211;1;19
3211;2;19
3212;1;1
3212;2;1
3213;1;2
3213;2;2
3214;1;2
3214;2;2
3215;2;24
3216;2;3
3217;2;2
3218;2;10
3219;2;10
3220;2;22
3221;1;5
3221;2;5
3222;1;4
3222;2;4
3223;1;3
3223;2;3
3224;1;6
3224;2;6
3225;2;19
3226;2;7
3227;2;22
3228;2;22
3229;2;5
3230;2;22
3231;2;22
3232;2;22
3233;1;2
3233;2;2
3234;2;29
3235;2;2
3236;2;2
3237;2;11
3238;2;7
3239;2;3
3240;1;8
3240;2;8
3241;1;3
3241;2;3
3242;2;23
3243;2;22
3244;2;21
3245;2;23
3246;2;22
3247;2;7
3248;2;24
3249;1;8
3249;2;8
3250;2;3
3251;2;3
3252;2;22
3253;1;4
3253;2;4
3254;2;10
3255;2;7
3256;2;11
3257;2;2
3258;2;23
3259;1;5
3259;2;5
3260;2;27
3261;2;4
3262;1;8
3262;2;8
3263;2;13
3264;2;3
3265;2;10
3266;1;6
3266;2;6
3267;2;3
3268;1;19
3268;2;19
3269;2;23
3270;2;4
3271;1;2
3271;2;2
3272;2;5
3273;2;2
3274;2;22
3275;1;2
3275;2;2
3276;2;22
3277;2;3
3278;1;8
3278;2;8
3279;2;12
3280;1;1
3280;2;1
3281;1;2
3281;2;2
3282;2;22
3283;2;7
3284;2;8
3285;2;1
3286;2;8
3287;2;5
3288;2;4
3289;2;22
3290;2;3
3291;2;29
3292;2;1
3293;1;3
3293;2;3
3294;2;2
3295;2;8
3296;1;1
3296;2;1
3297;1;19
3297;2;19
3298;2;7
3299;2;27
3300;2;30
3301;2;22
3302;2;22
3303;2;11
3304;2;5
3305;1;5
3305;2;5
3306;2;10
3307;1;5
3307;2;5
3308;2;22
3309;2;7
3310;2;11
3311;2;3
3312;1;5
3312;2;5
3313;1;1
3313;2;1
3314;2;10
3315;1;15
3315;2;15
3316;2;30
3317;2;22
3318;2;4
3319;2;2
3320;2;2
3321;1;8
3321;2;8
3322;1;36
3322;2;36
3323;2;2
3324;2;29
3325;2;10
3326;2;8
3327;2;3
3328;2;3
3329;2;8
3330;1;19
3330;2;19
3331;2;5
3332;2;22
3333;2;22
3334;1;1
3334;2;1
3335;1;36
3335;2;36
3336;2;26
3337;1;1
3337;2;1
3338;2;10
3339;2;3
3340;2;22
3341;2;4
3342;2;8
3343;2;7
3344;2;5
3345;1;4
3345;2;4
3346;2;6
3347;2;27
3348;1;5
3348;2;5
3349;2;7
3350;1;2
3350;2;2
3351;1;2
3351;2;2
3352;2;3
3353;2;4
3354;2;2
3355;2;5
3356;2;18
3357;1;1
3357;2;1
3358;2;7
3359;2;30
3360;2;11
3361;2;19
3362;2;30
3363;2;3
3364;2;13
3365;2;1
3366;2;4
3367;1;8
3367;2;8
3368;2;8
3369;1;11
3369;2;11
3370;2;10
3371;2;18
3372;1;4
3372;2;4
3373;2;1
3374;2;11
3375;1;1
3375;2;1
3376;2;30
3377;2;1
3378;2;19
3379;2;5
3380;2;2
3381;2;8
3382;2;29
3383;2;2
3384;1;4
3384;2;4
3385;2;2
3386;2;2
3387;2;4
3388;2;27
3389;2;24
3390;2;5
3391;2;4
3392;1;19
3392;2;19
3393;1;10
3393;2;10
3394;1;11
3394;2;11
3395;2;19
3396;2;30
3397;2;30
3398;2;30
3399;2;30
3400;2;30
3401;2;9
3402;2;7
3403;1;16
3403;2;16
3404;1;10
3404;2;10
3405;2;27
3406;2;19
3407;2;3
3408;1;19
3408;2;19
3409;2;4
3410;1;6
3410;2;6
3411;2;5
3412;2;6
3413;2;1
3414;2;1
3415;2;7
3416;2;5
3417;1;10
3417;2;10
3418;1;6
3418;2;6
3419;1;2
3419;2;2
3420;2;27
3421;2;2
3422;1;5
3422;2;5
3423;1;8
3423;2;8
3424;2;5
3425;1;1
3425;2;1
3426;1;8
3426;2;8
3427;2;1
3428;2;5
3429;2;24
3430;2;19
3431;2;2
3432;2;27
3433;2;24
3434;2;10
3435;2;18
3436;2;19
3437;1;4
3437;2;4
3438;2;27
3439;2;5
3440;2;27
3441;2;22
3442;1;2
3442;2;2
3443;2;3
3444;1;1
3444;2;1
3445;2;8
3446;2;26
3447;2;4
3448;2;5
3449;2;30
3450;2;11
3451;2;7
3452;2;1
3453;1;1
3453;2;1
3454;2;2
3455;2;22
3456;2;1
3457;2;1
3458;2;2
3459;2;30
3460;1;3
3460;2;3
3461;2;7
3462;1;2
3462;2;2
3463;2;10
3464;2;22
3465;2;11
3466;2;3
3467;2;27
3468;2;8
3469;1;1
3469;2;1
3470;2;11
3471;1;5
3471;2;5
3472;1;4
3472;2;4
3473;2;27
3474;2;7
3475;1;5
3475;2;5
3476;2;11
3477;1;1
3477;2;1
3478;2;3
3479;1;8
3479;2;8
3480;1;3
3480;2;3
3481;2;2
3482;1;4
3482;2;4
3483;1;1
3483;2;1
3484;2;11
3485;2;1
3486;2;13
3487;2;3
3488;2;30
3489;1;10
3489;2;10
3490;2;8
3491;1;15
3491;2;15
3492;2;11
3493;2;30
3494;2;27
3495;2;30
3496;2;27
3497;2;2
3498;2;3
3499;1;4
3499;2;4
3500;2;2
3501;2;8
3502;2;2
3503;2;7
3504;2;7
3505;2;3
3506;2;22
3507;2;3
3508;2;8
3509;1;8
3509;2;8
3510;2;7
3511;1;17
3511;2;17
3512;2;8
3513;2;2
3514;2;7
3515;2;1
3516;1;1
3516;2;1
3517;2;3
3518;1;8
3518;2;8
3519;2;27
3520;2;30
3521;2;7
3522;2;8
3523;2;30
3524;2;27
3525;2;5
3526;1;4
3526;2;4
3527;2;8
3528;2;7
3529;2;10
3530;2;5
3531;2;27
3532;2;24
3533;2;30
3534;2;22
3535;2;3
3536;2;2
3537;2;8
3538;1;8
3538;2;8
3539;2;3
3540;2;2
3541;1;8
3541;2;8
3542;1;8
3542;2;8
3543;2;11
3544;2;30
3545;2;7
3546;2;7
3547;2;7
3548;2;8
3549;2;4
3550;2;30
3551;2;3
3552;2;4
3553;1;4
3553;2;4
3554;2;2
3555;2;1
3556;2;3
3557;1;8
3557;2;8
3558;1;4
3558;2;4
3559;2;4
3560;1;3
3560;2;3
3561;2;17
3562;2;27
3563;2;27
3564;1;2
3564;2;2
3565;2;5
3566;2;8
3567;2;7
3568;2;1
3569;1;19
3569;2;19
3570;1;5
3570;2;5
3571;2;22
3572;2;10
3573;2;1
3574;1;8
3574;2;8
3575;1;7
3575;2;7
3576;2;4
3577;2;7
3578;2;19
3579;2;30
3580;1;1
3580;2;1
3581;2;27
3582;2;22
3583;1;2
3583;2;2
3584;2;7
3585;2;1
3586;1;1
3586;2;1
3587;2;3
3588;2;11
3589;1;2
3589;2;2
3590;2;3
3591;2;19
3592;2;7
3593;2;19
3594;1;2
3594;2;2
3595;2;3
3596;1;2
3596;2;2
3597;1;5
3597;2;2
3598;2;27
3599;2;7
3600;2;12
3601;2;4
3602;1;15
3602;2;15
3603;1;6
3603;2;6
3604;2;5
3605;2;4
3606;1;2
3606;2;2
3607;2;3
3608;2;1
3609;1;4
3609;2;4
3610;2;1
3611;2;22
3612;2;4
3613;1;3
3613;2;3
3614;2;11
3615;2;7
3616;2;19
3617;2;36
3618;2;19
3619;2;7
3620;2;8
3621;2;4
3622;2;7
3623;2;15
3624;2;1
3625;2;7
3626;2;24
3627;2;22
3628;2;1
3629;1;4
3629;2;4
3630;2;36
3631;2;11
3632;1;5
3632;2;5
3633;1;3
3633;2;3
3634;1;4
3634;2;4
3635;1;10
3635;2;10
3636;2;24
3637;2;27
3638;2;3
3639;2;7
3640;2;4
3641;1;1
3641;2;1
3642;2;22
3643;2;10
3644;1;4
3644;2;4
3645;2;22
3646;2;22
3647;2;1
3648;2;7
3649;2;3
3650;2;1
3651;2;5
3652;2;11
3653;2;11
3654;2;22
3655;1;1
3655;2;1
3656;2;27
3657;2;29
3658;2;7
3659;2;1
3660;1;3
3660;2;3
3661;1;4
3661;2;4
3662;2;1
3663;2;30
3664;2;2
3665;1;19
3665;2;19
3666;2;7
3667;1;4
3667;2;4
3668;2;4
3669;2;5
3670;1;1
3670;2;1
3671;2;24
3672;2;22
3673;2;22
3674;2;22
3675;1;2
3675;2;2
3676;2;29
3677;2;30
3678;2;17
3679;2;3
3680;2;7
3681;2;30
3682;2;18
3683;1;6
3683;2;6
3684;2;2
3685;1;3
3685;2;3
3686;2;22
3687;2;29
3688;1;6
3688;2;6
3689;2;7
3690;2;24
3691;1;4
3691;2;4
3692;2;22
3693;1;3
3693;2;3
3694;2;7
3695;1;19
3695;2;19
3696;2;7
3697;1;36
3697;2;36
3698;2;1
3699;1;2
3699;2;2
3700;2;1
3701;2;5
3702;2;30
3703;2;7
3704;1;3
3704;2;3
3705;2;22
3706;2;27
3707;2;27
3708;2;7
3709;2;5
3710;1;5
3710;2;5
3711;2;22
3712;2;30
3713;2;3
3714;2;1
3715;2;15
3716;2;17
3717;1;1
3717;2;1
3718;2;27
3719;2;11
3720;1;3
3720;2;3
3721;2;29
3722;2;27
3723;2;22
3724;2;22
3725;2;5
3726;2;7
3727;1;2
3727;2;2
3728;1;2
3728;2;2
3729;2;5
3730;1;2
3730;2;2
3731;2;3
3732;2;27
3733;2;2
3734;2;20
3735;2;30
3736;1;10
3736;2;10
3737;2;27
3738;2;4
3739;2;2
3740;2;1
3741;2;7
3742;1;3
3742;2;3
3743;2;22
3744;2;29
3745;2;22
3746;2;1
3747;2;5
3748;2;17
3749;2;27
3750;2;30
3751;1;11
3751;2;11
3752;1;2
3752;2;2
3753;2;7
3754;2;4
3755;1;5
3755;2;5
3756;2;22
3757;2;36
3758;2;22
3759;2;9
3760;2;1
3761;2;22
3762;2;1
3763;1;3
3763;2;3
3764;2;22
3765;1;10
3765;2;10
3766;2;10
3767;2;7
3768;2;10
3769;1;1
3769;2;1
3770;1;10
3770;2;10
3771;2;7
3772;1;8
3772;2;8
3773;2;24
3774;1;1
3774;2;1
3775;2;27
3776;2;30
3777;1;2
3777;2;2
3778;2;6
3779;2;1
3780;2;4
3781;2;10
3782;2;6
3783;2;10
3784;1;19
3784;2;19
3785;2;8
3786;2;3
3787;1;3
3787;2;3
3788;1;1
3788;2;1
3789;2;7
3790;1;1
3790;2;1
3791;2;8
3792;2;2
3793;1;2
3793;2;2
3794;2;1
3795;1;5
3795;2;5
3796;2;1
3797;2;29
3798;2;7
3799;2;3
3800;2;7
3801;2;24
3802;2;1
3803;2;5
3804;2;1
3805;2;22
3806;2;4
3807;1;20
3807;2;20
3808;1;8
3808;2;8
3809;1;2
3809;2;2
3810;2;30
3811;2;5
3812;2;3
3813;2;7
3814;2;7
3815;2;24
3816;2;7
3817;2;5
3818;2;4
3819;2;1
3820;2;5
3821;2;22
3822;2;1
3823;2;3
3824;1;1
3824;2;1
3825;1;19
3825;2;19
3826;2;4
3827;2;30
3828;2;27
3829;2;11
3830;1;19
3830;2;19
3831;2;1
3832;1;3
3832;2;3
3833;1;5
3833;2;5
3834;2;7
3835;2;4
3836;2;22
3837;2;8
3838;2;30
3839;2;1
3840;1;7
3840;2;7
3841;2;36
3842;2;5
3843;2;1
3844;2;5
3845;2;22
3846;1;1
3846;2;1
3847;2;27
3848;2;22
3849;1;6
3849;2;6
3850;1;2
3850;2;2
3851;2;7
3852;2;5
3853;1;6
3853;2;6
3854;2;6
3855;1;6
3855;2;6
3856;2;9
3857;1;10
3857;2;10
3858;2;10
3859;2;27
3860;2;7
3861;1;5
3861;2;5
3862;1;1
3862;2;1
3863;2;30
3864;1;17
3864;2;17
3865;2;27
3866;2;17
3867;2;1
3868;1;1
3868;2;1
3869;1;5
3869;2;5
3870;1;2
3870;2;2
3871;2;27
3872;2;3
3873;1;1
3873;2;1
3874;2;5
3875;2;3
3876;2;5
3877;1;4
3877;2;4
3878;1;1
3878;2;1
3879;2;4
3880;1;4
3880;2;4
3881;2;3
3882;2;5
3883;1;8
3883;2;8
3884;2;22
3885;2;22
3886;1;2
3886;2;2
3887;2;17
3888;2;27
3889;2;4
3890;1;1
3890;2;1
3891;2;22
3892;1;15
3892;2;15
3893;2;27
3894;2;22
3895;2;36
3896;1;8
3896;2;8
3897;1;4
3897;2;4
3898;2;36
3899;2;3
3900;2;29
3901;2;7
3902;2;8
3903;2;2
3904;1;2
3904;2;2
3905;1;4
3905;2;4
3906;2;7
3907;2;6
3908;2;1
3909;2;23
3910;2;4
3911;2;23
3912;2;4
3913;2;27
3914;2;22
3915;2;8
3916;2;1
3917;2;2
3918;2;36
3919;1;4
3919;2;4
3920;2;1
3921;2;5
3922;1;3
3922;2;3
3923;2;36
3924;2;2
3925;2;22
3926;2;7
3927;2;27
3928;2;30
3929;2;29
3930;1;11
3930;2;11
3931;2;8
3932;2;7
3933;2;1
3934;2;2
3935;2;2
3936;2;27
3937;2;3
3938;2;3
3939;2;3
3940;2;22
3941;1;8
3941;2;8
3942;2;7
3943;2;2
3944;1;2
3944;2;2
3945;2;7
3946;2;29
3947;1;3
3947;2;3
3948;2;11
3949;2;5
3950;2;22
3951;2;22
3952;2;27
3953;2;18
3954;2;17
3955;2;29
3956;1;19
3956;2;19
3957;2;7
3958;1;2
3958;2;2
3959;2;7
3960;2;3
3961;2;30
3962;2;30
3963;2;22
3964;1;1
3964;2;1
3965;2;22
3966;2;1
3967;2;2
3968;1;1
3968;2;1
3969;2;3
3970;2;4
3971;2;18
3972;2;17
3973;2;11
3974;2;29
3975;2;27
3976;2;5
3977;1;3
3977;2;3
3978;2;4
3979;2;12
3980;2;5
3981;2;8
3982;2;8
3983;1;3
3983;2;3
3984;2;30
3985;2;17
3986;1;3
3986;2;3
3987;2;16
3988;2;27
3989;2;22
3990;2;24
3991;2;27
3992;2;2
3993;2;2
3994;2;22
3995;2;22
3996;2;22
3997;2;3
3998;2;1
3999;1;19
3999;2;19
4000;1;5
4000;2;5
4001;2;1
4002;1;5
4002;2;5
4003;2;5
4004;2;7
4005;2;2
4006;2;7
4007;1;4
4007;2;4
4008;1;17
4008;2;17
4009;2;27
4010;2;30
4011;2;1
4012;2;11
4013;2;24
4014;2;24
4015;2;4
4016;1;3
4016;2;3
4017;2;11
4018;2;2
4019;2;4
4020;2;23
4021;2;8
4022;1;6
4022;2;6
4023;2;1
4024;2;16
4025;2;6
4026;2;5
4027;2;30
4028;2;10
4029;1;4
4029;2;4
4030;2;8
4031;2;27
4032;2;23
4033;2;7
4034;2;2
4035;2;4
4036;2;22
4037;2;4
4038;2;5
4039;1;7
4039;2;7
4040;2;3
4041;1;1
4041;2;1
4042;1;11
4042;2;11
4043;1;8
4043;2;8
4044;2;30
4045;2;3
4046;2;21
4047;1;2
4047;2;2
4048;2;1
4049;2;5
4050;2;30
4051;2;36
4052;2;7
4053;2;4
4054;1;3
4054;2;3
4055;2;5
4056;2;1
4057;1;1
4057;2;1
4058;2;1
4059;2;22
4060;2;2
4061;2;3
4062;2;4
4063;2;19
4064;2;2
4065;2;4
4066;2;22
4067;2;22
4068;2;7
4069;1;2
4069;2;2
4070;1;3
4070;2;3
4071;1;1
4071;2;1
4072;2;7
4073;2;1
4074;1;4
4074;2;4
4075;2;7
4076;2;11
4077;2;11
4078;2;4
4079;1;2
4079;2;2
4080;2;27
4081;2;7
4082;2;27
4083;1;8
4083;2;8
4084;2;22
4085;2;5
4086;1;3
4086;2;3
4087;2;4
4088;2;3
4089;2;27
4090;2;27
4091;1;1
4091;2;1
4092;2;2
4093;2;27
4094;1;2
4094;2;2
4095;2;36
4096;2;8
4097;1;4
4097;2;4
4098;2;19
4099;1;1
4099;2;1
4100;2;1
4101;2;1
4102;2;7
4103;2;27
4104;2;8
4105;1;1
4105;2;1
4106;2;22
4107;2;1
4108;2;22
4109;2;5
4110;2;5
4111;2;4
4112;2;2
4113;2;4
4114;1;5
4114;2;5
4115;1;5
4115;2;5
4116;2;5
4117;2;2
4118;2;11
4119;2;27
4120;2;4
4121;2;19
4122;2;10
4123;2;3
4124;2;27
4125;2;22
4126;2;8
4127;1;8
4127;2;8
4128;1;4
4128;2;4
4129;2;8
4130;1;19
4130;2;19
4131;1;19
4131;2;19
4132;2;2
4133;1;11
4133;2;11
4134;2;6
4135;1;18
4135;2;18
4136;1;8
4136;2;8
4137;1;8
4137;2;8
4138;1;5
4138;2;5
4139;2;2
4140;1;1
4140;2;1
4141;2;22
4142;2;22
4143;2;1
4144;2;11
4145;2;22
4146;2;22
4147;2;22
4148;2;1
4149;2;5
4150;2;24
4151;2;24
4152;2;4
4153;2;3
4154;2;24
4155;2;5
4156;1;4
4156;2;4
4157;2;8
4158;2;5
4159;1;17
4159;2;12
4160;2;17
4161;2;7
4162;2;15
4163;2;11
4164;2;2
4165;2;7
4166;2;1
4167;2;3
4168;2;7
4169;1;8
4169;2;8
4170;2;22
4171;2;7
4172;2;8
4173;2;7
4174;2;1
4175;2;8
4176;2;2
4177;2;3
4178;2;3
4179;2;27
4180;1;8
4180;2;8
4181;1;2
4181;2;2
4182;2;27
4183;1;1
4183;2;1
4184;2;27
4185;2;30
4186;2;30
4187;1;8
4187;2;8
4188;1;19
4188;2;19
4189;2;27
4190;2;2
4191;2;11
4192;2;19
4193;2;11
4194;1;19
4194;2;19
4195;1;2
4195;2;2
4196;2;10
4197;2;19
4198;2;27
4199;2;7
4200;2;1
4201;2;7
4202;1;4
4202;2;4
4203;1;1
4203;2;1
4204;2;22
4205;2;3
4206;2;11
4207;2;5
4208;2;7
4209;2;3
4210;2;8
4211;2;4
4212;2;6
4213;1;19
4213;2;19
4214;2;8
4215;2;5
4216;2;10
4217;2;22
4218;2;3
4219;1;1
4219;2;1
4220;2;22
4221;1;1
4221;2;1
4222;2;5
4223;2;3
4224;2;27
4225;2;3
4226;2;1
4227;1;3
4227;2;3
4228;2;8
4229;2;7
4230;2;8
4231;1;1
4231;2;1
4232;2;18
4233;2;1
4234;2;1
4235;1;1
4235;2;1
4236;2;27
4237;2;2
4238;2;5
4239;2;22
4240;1;1
4240;2;1
4241;2;22
4242;2;5
4243;1;4
4243;2;4
4244;2;10
4245;2;10
4246;2;3
4247;2;4
4248;2;7
4249;2;27
4250;2;4
4251;1;8
4251;2;8
4252;2;7
4253;1;17
4253;2;17
4254;1;4
4254;2;4
4255;2;30
4256;2;30
4257;2;24
4258;2;30
4259;2;5
4260;2;3
4261;2;2
4262;2;19
4263;2;3
4264;2;27
4265;2;9
4266;2;19
4267;2;3
4268;1;1
4268;2;1
4269;1;3
4269;2;3
4270;2;2
4271;2;1
4272;2;3
4273;2;5
4274;2;5
4275;2;22
4276;2;8
4277;1;1
4277;2;1
4278;2;8
4279;2;1
4280;2;30
4281;2;2
4282;1;1
4282;2;1
4283;2;36
4284;2;27
4285;2;19
4286;2;27
4287;2;4
4288;2;22
4289;2;2
4290;2;8
4291;2;30
4292;2;2
4293;2;22
4294;1;1
4294;2;1
4295;2;2
4296;2;7
4297;1;11
4297;2;11
4298;2;7
4299;2;22
4300;2;1
4301;1;11
4301;2;11
4302;2;7
4303;2;8
4304;2;3
4305;2;8
4306;2;14
4307;2;30
4308;1;1
4308;2;1
4309;1;5
4309;2;5
4310;2;8
4311;2;7
4312;2;27
4313;2;22
4314;2;3
4315;2;7
4316;1;1
4316;2;1
4317;2;22
4318;2;30
4319;2;5
4320;2;27
4321;2;11
4322;2;29
4323;2;2
4324;1;1
4324;2;1
4325;2;13
4326;2;5
4327;2;10
4328;2;7
4329;2;2
4330;2;27
4331;2;10
4332;1;7
4332;2;7
4333;1;3
4333;2;3
4334;2;1
4335;2;1
4336;2;4
4337;2;2
4338;2;20
4339;2;13
4340;2;11
4341;2;1
4342;2;16
4343;2;22
4344;2;4
4345;2;6
4346;2;3
4347;2;8
4348;1;19
4348;2;19
4349;2;10
4350;2;1
4351;2;4
4352;2;3
4353;2;1
4354;2;4
4355;2;26
4356;2;22
4357;1;20
4357;2;20
4358;2;5
4359;2;3
4360;1;3
4360;2;3
4361;2;4
4362;2;8
4363;2;27
4364;2;27
4365;1;3
4365;2;3
4366;1;2
4366;2;2
4367;1;2
4367;2;2
4368;2;22
4369;2;3
4370;1;1
4370;2;1
4371;2;7
4372;2;7
4373;2;3
4374;2;6
4375;2;22
4376;1;8
4376;2;8
4377;1;4
4377;2;4
4378;2;27
4379;2;22
4380;2;29
4381;2;7
4382;2;23
4383;2;2
4384;2;2
4385;2;2
4386;2;33
4387;2;4
4388;2;15
4389;1;19
4389;2;19
4390;1;5
4390;2;5
4391;2;22
4392;2;22
4393;2;2
4394;2;5
4395;1;8
4395;2;8
4396;2;4
4397;2;5
4398;2;6
4399;2;18
4400;2;5
4401;2;10
4402;2;7
4403;2;27
4404;2;27
4405;2;5
4406;2;22
4407;2;8
4408;2;26
4409;2;11
4410;2;27
4411;2;9
4412;2;2
4413;2;1
4414;1;17
4414;2;17
4415;2;1
4416;2;9
4417;2;6
4418;1;2
4418;2;2
4419;1;19
4419;2;19
4420;1;19
4420;2;19
4421;2;2
4422;2;7
4423;1;5
4423;2;5
4424;2;7
4425;2;5
4426;2;5
4427;2;3
4428;2;1
4429;2;11
4430;2;2
4431;2;2
4432;2;7
4433;2;17
4434;2;1
4435;2;8
4436;2;4
4437;1;4
4437;2;4
4438;2;21
4439;2;27
4440;2;15
4441;2;4
4442;1;2
4442;2;2
4443;2;30
4444;2;6
4445;2;10
4446;1;19
4446;2;19
4447;2;22
4448;2;8
4449;2;4
4450;1;17
4450;2;17
4451;1;2
4451;2;2
9581;1;2
9582;1;4
9583;1;8
9584;1;36
9585;1;3
9586;1;2
9587;1;5
9588;1;8
9589;1;18
9590;1;4
9591;1;3
9592;1;3
9593;1;7
9594;1;11
9595;1;6
9596;1;36
9597;1;4
9598;1;2
9599;1;36
9600;1;4
9601;1;17
9602;1;8
9603;1;38
9604;1;3
9605;1;2
9606;1;17
9607;1;3
9608;1;5
9609;1;11
9610;1;17
9611;1;17
9612;1;8
9613;1;2
9614;1;19
9615;1;8
9616;1;5
9617;1;13
9618;1;2
9619;1;5
9620;1;17
9621;1;19
9622;1;4
9623;1;7
9624;1;15
9625;1;6
9626;1;4
9627;1;17
9628;1;8
9629;1;1
9630;1;5
9631;1;9
9632;1;19
9633;1;16
9634;1;3
9635;1;7
9636;1;36
9637;1;5
9638;1;2
9639;1;4
9640;1;5
9641;1;36
9642;1;8
9643;1;19
9644;1;3
9645;1;10
9646;1;2
9647;1;38
9648;1;3
9649;1;2
9650;1;2
9651;1;7
9652;1;38
9653;1;4
9654;1;8
9655;1;1
9656;1;1
9657;1;15
9658;1;19
9659;1;3
9660;1;7
9661;1;7
9662;1;33
9663;1;8
9664;1;15
9665;1;36
9666;1;9
9667;1;1
9668;1;36
9669;1;4
9670;1;5
9671;1;1
9672;1;2
9673;1;2
9674;1;2
9675;1;6
9676;1;1
9677;1;2
9678;1;3
9679;1;5
9680;1;4
9681;1;4
9682;1;8
9683;1;3
9684;1;8
9685;1;10
9686;1;4
9687;1;1
9688;1;4
9689;1;2
9690;1;3
9691;1;8
9692;1;3
9693;1;13
9694;1;4
9695;1;2
9696;1;2
9697;1;6
9698;1;8
9699;1;7
9700;1;36
9701;1;15
9702;1;5
9703;1;1
9704;1;8
9705;1;5
9706;1;16
9707;1;1
9708;1;18
9709;1;36
9710;1;8
9711;1;38
9712;1;3
9713;1;4
9714;1;2
9715;1;2
9716;1;8
9717;1;36
9718;1;7
9719;1;8
9720;1;8
9721;1;5
9722;1;17
9723;1;1
9724;1;14
9725;1;8
9726;1;1
9727;1;2
9728;1;14
9729;1;4
9730;1;7
9731;1;4
9732;1;10
9733;1;19
9734;1;3
9735;1;3
9736;1;8
9737;1;10
9738;1;36
9739;1;3
9740;1;2
9741;1;5
9742;1;2
9743;1;4
9744;1;5
9745;1;38
9746;1;8
9747;1;5
9748;1;2
9749;1;13
9750;1;3
9751;1;4
9752;1;2
9753;1;12
9754;1;8
9755;1;19
9756;1;4
9757;1;2
9758;1;1
9759;1;36
9760;1;36
9761;1;7
9762;1;2
9763;1;5
9764;1;2
9765;1;5
9766;1;2
9767;1;19
9768;1;8
9769;1;8
9770;1;5
9771;1;8
9772;1;5
9773;1;3
9774;1;9
9775;1;5
9776;1;5
9777;1;5
9778;1;5
9779;1;12
9780;1;7
9781;1;15
9782;1;2
9783;1;4
9784;1;36
9785;1;38
9786;1;38
9787;1;1
9788;1;5
9789;1;8
9790;1;4
9791;1;15
9792;1;11
9793;1;8
9794;1;3
9795;1;4
9796;1;6
9797;1;39
9798;1;5
9799;1;19
9800;1;5
9801;1;1
9802;1;36
9803;1;12
9804;1;1
9805;1;4
9806;1;2
9807;1;2
9808;1;38
9809;1;18
9810;1;8
9811;1;3
9812;1;36
9813;1;3
9814;1;4
9815;1;4
9816;1;1
9817;1;4
9818;1;8
9819;1;12
9820;1;5
9821;1;40
9822;1;13
9823;1;18
9824;1;18
9825;1;3
9826;1;3
9827;1;3
9828;1;36
9829;1;3
9830;1;19
9831;1;3
9832;1;4
9833;1;4
9834;1;8
9835;1;2
9836;1;3
9837;1;4
9838;1;2
9839;1;3
9840;1;5
9841;1;1
9842;1;5
9843;1;5
9844;1;2
9845;1;38
9846;1;16
9847;1;2
9848;1;3
9849;1;2
9850;1;3
9851;1;14
9852;1;19
9853;1;2
9854;1;1
9855;1;38
9856;1;38
9857;1;2
9858;1;36
9859;1;12
9860;1;5
9861;1;11
9862;1;8
9863;1;4
9864;1;12
9865;1;18
9866;1;18
9867;1;19
9868;1;4
9869;1;3
9870;1;8
9871;1;12
9872;1;36
9873;1;8
9874;1;5
9875;1;4
9876;1;4
9877;1;4
9878;1;7
9879;1;33
9880;1;33
9881;1;12
9882;1;18
9883;1;4
9884;1;5
9885;1;2
9886;1;5
9887;1;1
9888;1;8
9889;1;2
9890;1;27
9891;1;3
9892;1;7
9893;1;36
9894;1;1
9895;1;13
9896;1;9
9897;1;12
9898;1;3
9899;1;1
9900;1;4
9901;1;4
9902;1;11
9903;1;1
9904;1;36
9905;1;5
9906;1;3
9907;1;1
9908;1;4
9909;1;3
9910;1;36
9911;1;36
9912;1;1
9913;1;8
9914;1;1
9915;1;2
9916;1;2
9917;1;36
9918;1;12
9919;1;36
9920;1;36
9921;1;3
9922;1;5
9923;1;36
9924;1;8
9925;1;18
9926;1;2
9927;1;3
9928;1;4
9929;1;4
9930;1;36
9931;1;4
9932;1;11
9933;1;5
9934;1;3
9935;1;3
9936;1;8
9937;1;2
9938;1;36
9939;1;13
9940;1;38
9941;1;2
9942;1;2
9943;1;3
9944;1;5
9945;1;4
9946;1;15
9947;1;4
9948;1;15
9949;1;36
9950;1;15
9951;1;10
9952;1;3
9953;1;5
9954;1;4
9955;1;1
9956;1;3
9957;1;2
9958;1;13
9959;1;3
9960;1;8
9961;1;14
9962;1;14
9963;1;11
9964;1;8
9965;1;2
9966;1;3
9967;1;5
9968;1;19
9969;1;3
9970;1;15
9971;1;10
9972;1;36
9973;1;17
9974;1;3
9975;1;4
9976;1;10
9977;1;8
9978;1;2
9979;1;8
9980;1;2
9981;1;11
9982;1;10
9983;1;5
9984;1;19
9985;1;19
9986;1;19
9987;1;11
9988;1;4
9989;1;10
9990;1;10
9991;1;3
9992;1;1
9993;1;5
9994;1;2
9995;1;3
9996;1;1
9997;1;15
9998;1;7
9999;1;12
10000;1;4
10001;1;39
10002;1;2
10003;1;2
10004;1;4
10005;1;8
10006;1;1
10007;1;3
10008;1;8
10009;1;7
10010;1;6
10011;1;4
10012;1;13
10013;1;39
10014;1;4
10015;1;5
10016;1;1
10017;1;3
10018;1;10
10019;1;5
10020;1;8
10021;1;11
10022;1;3
10023;1;2
10024;1;4
10025;1;13
10026;1;1
10027;1;10
10028;1;1
10029;1;38
10030;1;2
10031;1;11
10032;1;17
10033;1;17
10034;1;19
10035;1;3
10036;1;2
10037;1;5
10038;1;3
10039;1;3
10040;1;1
10041;1;38
10042;1;2
10043;1;12
10044;1;2
10045;1;2
10046;1;1
10047;1;8
10048;1;3
10049;1;36
10050;1;12
10051;1;4
10052;1;5
10053;1;15
10054;1;3
10055;1;10
10056;1;4
10057;1;3
10058;1;3
10059;1;8
10060;1;4
10061;1;36
10062;1;17
10063;1;4
10064;1;3
10065;1;14
10066;1;1
10067;1;1
10068;1;8
10069;1;7
10070;1;10
10071;1;12
10072;1;1
10073;1;1
10074;1;3
10075;1;3
10076;1;2
10077;1;3
10078;1;8
10079;1;36
10080;1;3
10081;1;1
10082;1;7
10083;1;4
10084;1;3
10085;1;2
10086;1;8
10087;1;5
10088;1;10
10089;1;5
10090;1;1
10091;1;1
10092;1;11
10093;1;11
10094;1;3
10095;1;2
10096;1;36
10097;1;36
10098;1;2
10099;1;3
10100;1;6
10101;1;2
10102;1;36
10103;1;2
10104;1;5
10105;1;11
10106;1;3
10107;1;16
10108;1;19
10109;1;5
10110;1;8
10111;1;5
10112;1;3
10113;1;5
10114;1;2
10115;1;11
10116;1;5
10117;1;6
10118;1;3
10119;1;8
10120;1;3
10121;1;8
10122;1;1
10123;1;8
10124;1;1
10125;1;4
10126;1;2
10127;1;1
10128;1;13
10129;1;1
10130;1;3
10131;1;3
10132;1;5
10133;1;11
10134;1;19
10135;1;1
10136;1;7
10137;1;15
10138;1;8
10139;1;19
10140;1;10
10141;1;8
10142;1;19
10143;1;19
10144;1;8
10145;1;13
10146;1;36
10147;1;36
10148;1;21
10149;1;5
10150;1;2
10151;1;33
10152;1;1
10153;1;7
10154;1;4
10155;1;5
10156;1;1
10157;1;3
10158;1;1
10159;1;6
10160;1;2
10161;1;3
10162;1;16
10163;1;33
10164;1;5
10165;1;5
10166;1;3
10167;1;3
10168;1;42
10169;1;5
10170;1;2
10171;1;17
10172;1;8
10173;1;2
10174;1;19
10175;1;11
10176;1;8
10177;1;14
10178;1;1
10179;1;15
10180;1;2
10181;1;13
10182;1;11
10183;1;4
10184;1;9
10185;1;1
10186;1;13
10187;1;5
10188;1;10
10189;1;6
10190;1;2
10191;1;11
10192;1;36
10193;1;2
10194;1;19
10195;1;4
10196;1;16
10197;1;5
10198;1;4
10199;1;10
10200;1;8
10201;1;8
10202;1;1
10203;1;6
10204;1;2
10205;1;8
10206;1;9
10207;1;4
10208;1;4
10209;1;1
10210;1;8
10211;1;5
10212;1;3
10213;1;36
10214;1;5
10215;1;2
10216;1;11
10217;1;4
10218;1;4
10219;1;16
10220;1;1
10221;1;2
10222;1;5
10223;1;18
10224;1;8
10225;1;10
10226;1;2
10227;1;36
10228;1;2
10229;1;13
10230;1;8
10231;1;3
10232;1;5
10233;1;6
10234;1;11
10235;1;2
10236;1;8
10237;1;2
10238;1;19
10239;1;5
10240;1;19
10241;1;15
10242;1;5
10243;1;2
10244;1;8
10245;1;2
10246;1;3
10247;1;18
10248;1;20
10249;1;1
10250;1;36
10251;1;11
10252;1;15
10253;1;4
10254;1;4
10255;1;33
10256;1;1
10257;1;5
10258;1;8
10259;1;38
10260;1;12
10261;1;3
10262;1;5
10263;1;3
10264;1;2
10265;1;3
10266;1;1
10267;1;5
10268;1;1
10269;1;2
10270;1;10
10271;1;8
10272;1;6
10273;1;1
10274;1;7
10275;1;13
10276;1;5
10277;1;20
10278;1;7
10279;1;36
10280;1;1
10281;1;2
10282;1;8
10283;1;19
10284;1;10
10285;1;3
10286;1;8
10287;1;5
10288;1;17
10289;1;10
10290;1;36
10291;1;36
10292;1;12
10293;1;2
10294;1;2
10295;1;8
10296;1;6
10297;1;2
10298;1;8
10299;1;1
10300;1;10
10301;1;43
10302;1;8
10303;1;8
10304;1;5
10305;1;12
10306;1;8
10307;1;4
10308;1;1
10309;1;2
10310;1;3
10311;1;8
10312;1;43
10313;1;15
10314;1;8
10315;1;4
10316;1;8
10317;1;11
10318;1;12
10319;1;5
10320;1;1
10321;1;8
10322;1;8
10323;1;1
10324;1;11
10325;1;8
10326;1;5
10327;1;2
10328;1;5
10329;1;10
10330;1;4
10331;1;2
10332;1;3
10333;1;3
10334;1;8
10335;1;20
10336;1;4
10337;1;19
10338;1;6
10339;1;5
10340;1;1
10341;1;4
10342;1;13
10343;1;4
10344;1;4
10345;1;4
10346;1;1
10347;1;1
10348;1;2
10349;1;3
10350;1;8
10351;1;16
10352;1;16
10353;1;3
10354;1;8
10355;1;8
10356;1;3
10357;1;6
10358;1;2
10359;1;36
10360;1;2
10361;1;3
10362;1;2
10363;1;1
10364;1;5
10365;1;1
10366;1;8
10367;1;12
10368;1;20
10369;1;2
10370;1;36
10371;1;3
10372;1;1
10373;1;3
10374;1;18
10375;1;5
10376;1;7
10377;1;5
10378;1;10
10379;1;5
10380;1;1
10381;1;4
10382;1;2
10383;1;36
10384;1;1
10385;1;12
10386;1;3
10387;1;5
10388;1;18
10389;1;7
10390;1;4
10391;1;8
10392;1;10
10393;1;4
10394;1;1
10395;1;15
10396;1;6
10397;1;4
10398;1;13
10399;1;7
10400;1;7
10401;1;5
10402;1;11
10403;1;5
10404;1;7
10405;1;4
10406;1;2
10407;1;6
10408;1;4
10409;1;5
10410;1;4
10411;1;18
10412;1;5
10413;1;4
10414;1;2
10415;1;5
10416;1;19
10417;1;4
10418;1;19
10419;1;13
10420;1;4
10421;1;1
10422;1;38
10423;1;12
10424;1;36
10425;1;38
10426;1;36
10427;1;3
10428;1;5
10429;1;5
10430;1;3
10431;1;17
10432;1;36
10433;1;11
10434;1;5
10435;1;4
10436;1;2
10437;1;15
10438;1;42
10439;1;19
10440;1;11
10441;1;2
10442;1;36
10443;1;8
10444;1;9
10445;1;2
10446;1;8
10447;1;12
10448;1;8
10449;1;2
10450;1;7
10451;1;3
10452;1;8
10453;1;10
10454;1;2
10455;1;7
10456;1;5
10457;1;3
10458;1;4
10459;1;3
10460;1;3
10461;1;9
10462;1;2
10463;1;5
10464;1;12
10465;1;10
10466;1;4
10467;1;2
10468;1;1
10469;1;4
10470;1;17
10471;1;2
10472;1;6
10473;1;17
10474;1;15
10475;1;12
10476;1;4
10477;1;7
10478;1;15
10479;1;15
10480;1;11
10481;1;1
10482;1;3
10483;1;17
10484;1;17
10485;1;38
10486;1;2
10487;1;3
10488;1;4
10489;1;11
10490;1;4
10491;1;3
10492;1;8
10493;1;5
10494;1;3
10495;1;36
10496;1;8
10497;1;5
10498;1;43
10499;1;1
10500;1;19
10501;1;4
10502;1;9
10503;1;11
10504;1;2
10505;1;10
10506;1;4
10507;1;1
10508;1;11
10509;1;5
10510;1;3
10511;1;17
10512;1;2
10513;1;1
10514;1;4
10515;1;2
10516;1;2
10517;1;10
10518;1;33
10519;1;2
10520;1;1
10521;1;5
10522;1;2
10523;1;9
10524;1;2
10525;1;3
10526;1;4
10527;1;4
10528;1;5
10529;1;2
10530;1;8
10531;1;3
10532;1;1
10533;1;5
10534;1;5
10535;1;18
10536;1;13
10537;1;2
10538;1;3
10539;1;9
10540;1;8
10541;1;8
10542;1;4
10543;1;20
10544;1;36
10545;1;4
10546;1;7
10547;1;3
10548;1;3
10549;1;3
10550;1;4
10551;1;36
10552;1;36
10553;1;36
10554;1;8
10555;1;8
10556;1;4
10557;1;7
10558;1;8
10559;1;1
10560;1;2
10561;1;19
10562;1;1
10563;1;11
10564;1;16
10565;1;36
10566;1;5
10567;1;2
10568;1;2
10569;1;14
10570;1;3
10571;1;4
10572;1;3
10573;1;8
10574;1;11
10575;1;5
10576;1;18
10577;1;5
10578;1;1
10579;1;36
10580;1;10
10581;1;40
10582;1;36
10583;1;6
10584;1;4
10585;1;4
10586;1;15
10587;1;8
10588;1;2
10589;1;3
10590;1;2
10591;1;5
10592;1;10
10593;1;1
10594;1;7
10595;1;1
10596;1;8
10597;1;3
10598;1;3
10599;1;5
10600;1;8
10601;1;19
10602;1;11
10603;1;42
10604;1;4
10605;1;2
10606;1;1
10607;1;3
10608;1;14
10609;1;7
10610;1;16
10611;1;40
10612;1;4
10613;1;36
10614;1;36
10615;1;3
10616;1;1
10617;1;2
10618;1;3
10619;1;3
10620;1;2
10621;1;19
10622;1;8
10623;1;8
10624;1;4
10625;1;3
10626;1;5
10627;1;5
10628;1;4
10629;1;4
10630;1;4
10631;1;3
10632;1;1
10633;1;10
10634;1;7
10635;1;2
10636;1;5
10637;1;1
10638;1;38
10639;1;3
10640;1;5
10641;1;36
10642;1;19
10643;1;4
10644;1;33
10645;1;3
10646;1;7
10647;1;3
10648;1;36
10649;1;5
10650;1;2
10651;1;8
10652;1;16
10653;1;38
10654;1;4
10655;1;12
10656;1;4
10657;1;2
10658;1;8
10659;1;16
10660;1;1
10661;1;4
10662;1;5
10663;1;3
10664;1;1
10665;1;12
10666;1;5
10667;1;4
10668;1;5
10669;1;4
10670;1;3
10671;1;4
10672;1;3
10673;1;15
10674;1;10
10675;1;19
10676;1;1
10677;1;2
10678;1;33
10679;1;1
10680;1;1
10681;1;5
10682;1;5
10683;1;5
10684;1;5
10685;1;1
10686;1;7
10687;1;4
10688;1;5
10689;1;18
10690;1;1
10691;1;16
10692;1;3
10693;1;36
10694;1;2
10695;1;8
10696;1;2
10697;1;5
10698;1;7
10699;1;2
10700;1;42
10701;1;3
10702;1;38
10703;1;36
10704;1;16
10705;1;4
10706;1;8
10707;1;2
10708;1;8
10709;1;11
10710;1;8
10711;1;2
10712;1;8
10713;1;2
10714;1;11
10715;1;1
10716;1;27
10717;1;5
10718;1;10
10719;1;8
10720;1;16
10721;1;8
10722;1;3
10723;1;3
10724;1;7
10725;1;2
10726;1;33
10727;1;3
10728;1;7
10729;1;2
10730;1;15
10731;1;16
10732;1;2
10733;1;19
10734;1;17
10735;1;4
10736;1;5
10737;1;16
10738;1;1
10739;1;4
10740;1;18
10741;1;5
10742;1;38
10743;1;2
10744;1;2
10745;1;4
10746;1;4
10747;1;36
10748;1;36
10749;1;8
10750;1;13
10751;1;5
10752;1;7
10753;1;4
10754;1;4
10755;1;3
10756;1;2
10757;1;5
10758;1;5
10759;1;4
10760;1;13
10761;1;3
10762;1;5
10763;1;10
10764;1;11
10765;1;4
10766;1;4
10767;1;12
10768;1;13
10769;1;36
10770;1;4
10771;1;36
10772;1;3
10773;1;39
10774;1;11
10775;1;1
10776;1;36
10777;1;7
10778;1;2
10779;1;3
10780;1;8
10781;1;3
10782;1;10
10783;1;3
10784;1;1
10785;1;6
10786;1;11
10787;1;7
10788;1;3
10789;1;7
10790;1;1
10791;1;3
10792;1;11
10793;1;8
10794;1;2
10795;1;5
10796;1;12
10797;1;1
10798;1;12
10799;1;3
10800;1;4
10801;1;5
10802;1;11
10803;1;36
10804;1;6
10805;1;8
10806;1;8
10807;1;3
10808;1;40
10809;1;6
10810;1;3
10811;1;4
10812;1;2
10813;1;17
10814;1;4
10815;1;36
10816;1;6
10817;1;5
10818;1;4
10819;1;1
10820;1;1
10821;1;36
10822;1;2
10823;1;2
10824;1;3
10825;1;3
10826;1;39
10827;1;17
10828;1;36
10829;1;1
10830;1;3
10831;1;8
10832;1;3
10833;1;38
10834;1;12
10835;1;17
10836;1;8
10837;1;3
10838;1;20
10839;1;4
10840;1;5
10841;1;3
10842;1;12
10843;1;3
10844;1;5
10845;1;15
10846;1;1
10847;1;4
10848;1;1
10849;1;5
10850;1;27
10851;1;8
10852;1;38
10853;1;13
10854;1;14
10855;1;5
10856;1;36
10857;1;7
10858;1;3
10859;1;7
10860;1;13
10861;1;11
10862;1;7
10863;1;4
10864;1;36
10865;1;19
10866;1;13
10867;1;11
10868;1;4
10869;1;8
10870;1;1
10871;1;1
10872;1;10
10873;1;3
10874;1;8
10875;1;5
10876;1;5
10877;1;1
10878;1;12
10879;1;1
10880;1;3
10881;1;36
10882;1;8
10883;1;5
10884;1;3
10885;1;4
10886;1;1
10887;1;9
10888;1;5
10889;1;5
10890;1;2
10891;1;13
10892;1;9
10893;1;36
10894;1;4
10895;1;8
10896;1;8
10897;1;7
10898;1;6
10899;1;36
10900;1;2
10901;1;2
10902;1;7
10903;1;1
10904;1;8
10905;1;15
10906;1;5
10907;1;1
10908;1;17
10909;1;5
10910;1;27
10911;1;15
10912;1;4
10913;1;13
10914;1;1
10915;1;10
10916;1;4
10917;1;36
10918;1;8
10919;1;5
10920;1;1
10921;1;2
10922;1;9
10923;1;5
10924;1;10
10925;1;5
10926;1;1
10927;1;3
10928;1;8
10929;1;8
10930;1;7
10931;1;36
10932;1;16
10933;1;16
10934;1;13
10935;1;13
10936;1;5
10937;1;17
10938;1;18
10939;1;3
10940;1;5
10941;1;4
10942;1;3
10943;1;2
10944;1;10
10945;1;4
10946;1;19
10947;1;3
10948;1;11
10949;1;2
10950;1;9
10951;1;2
10952;1;1
10953;1;7
10954;1;13
10955;1;3
10956;1;33
10957;1;9
10958;1;5
10959;1;1
10960;1;14
10961;1;3
10962;1;10
10963;1;3
10964;1;7
10965;1;11
10966;1;13
10967;1;5
10968;1;12
10969;1;4
10970;1;36
10971;1;2
10972;1;3
10973;1;2
10974;1;8
10975;1;1
10976;1;2
10977;1;4
10978;1;5
10979;1;8
10980;1;6
10981;1;11
10982;1;17
10983;1;1
10984;1;1
10985;1;8
10986;1;19
10987;1;2
10988;1;38
10989;1;20
10990;1;2
10991;1;11
10992;1;4
10993;1;11
10994;1;1
10995;1;5
10996;1;17
10997;1;15
10998;1;3
10999;1;8
11000;1;19
11001;1;10
11002;1;11
11003;1;7
11004;1;5
11005;1;3
11006;1;5
11007;1;4
11008;1;3
11009;1;4
11010;1;4
11011;1;43
11012;1;5
11013;1;36
11014;1;2
11015;1;1
11016;1;18
11017;1;18
11018;1;2
11019;1;13
11020;1;7
11021;1;1
11022;1;3
11023;1;3
11024;1;2
11025;1;1
11026;1;2
11027;1;5
11028;1;6
11029;1;3
11030;1;38
11031;1;5
11032;1;5
11033;1;1
11034;1;11
11035;1;16
11036;1;16
11037;1;3
11038;1;2
11039;1;7
11040;1;1
11041;1;5
11042;1;4
11043;1;5
11044;1;17
11045;1;2
11046;1;5
11047;1;7
11048;1;8
11049;1;2
11050;1;1
11051;1;14
11052;1;8
11053;1;5
11054;1;19
11055;1;1
11056;1;1
11057;1;38
11058;1;2
11059;1;2
11060;1;36
11061;1;36
11062;1;2
11063;1;6
11064;1;36
11065;1;1
11066;1;5
11067;1;8
11068;1;36
11069;1;1
11070;1;36
11071;1;8
11072;1;11
11073;1;36
11074;1;19
11075;1;8
11076;1;4
11077;1;8
11078;1;36
11079;1;16
11080;1;4
11081;1;5
11082;1;10
11083;1;4
11084;1;15
11085;1;1
11086;1;38
11087;1;8
11088;1;3
11089;1;1
11090;1;5
11091;1;36
11092;1;15
11093;1;3
11094;1;3
11095;1;12
11096;1;10
11097;1;4
11098;1;1
11099;1;12
11100;1;12
11101;1;16
11102;1;13
11103;1;42
11104;1;3
11105;1;20
11106;1;2
11107;1;19
11108;1;2
11109;1;5
11110;1;4
11111;1;10
11112;1;3
11113;1;2
11114;1;4
11115;1;2
11116;1;8
11117;1;10
11118;1;2
11119;1;8
11120;1;5
11121;1;10
11122;1;1
11123;1;3
11124;1;6
11125;1;3
11126;1;5
11127;1;11
11128;1;8
11129;1;8
11130;1;5
11131;1;2
11132;1;2
11133;1;4
11134;1;12
11135;1;5
11136;1;12
11137;1;10
11138;1;10
11139;1;2
11140;1;5
11141;1;5
11142;1;4
11143;1;4
11144;1;2
11145;1;6
11146;1;5
11147;1;2
11148;1;1
11149;1;8
11150;1;8
11151;1;8
11152;1;4
11153;1;1
11154;1;2
11155;1;1
11156;1;4
11157;1;5
11158;1;1
11159;1;5
11160;1;1
11161;1;3
11162;1;5
11163;1;4
11164;1;10
11165;1;14
11166;1;19
11167;1;9
11168;1;4
11169;1;33
11170;1;17
11171;1;11
11172;1;36
11173;1;8
11174;1;5
11175;1;2
11176;1;7
11177;1;3
11178;1;36
11179;1;5
11180;1;4
11181;1;38
11182;1;1
11183;1;36
11184;1;2
11185;1;4
11186;1;36
11187;1;18
11188;1;38
11189;1;1
11190;1;1
11191;1;8
11192;1;11
11193;1;8
11194;1;2
11195;1;1
11196;1;4
11197;1;15
11198;1;14
11199;1;13
11200;1;7
11201;1;5
11202;1;2
11203;1;1
11204;1;4
11205;1;16
11206;1;8
11207;1;4
11208;1;10
11209;1;1
11210;1;8
11211;1;15
11212;1;10
11213;1;1
11214;1;3
11215;1;36
11216;1;1
11217;1;1
11218;1;7
11219;1;13
11220;1;5
11221;1;7
11222;1;36
11223;1;4
11224;1;1
11225;1;3
11226;1;4
11227;1;3
11228;1;7
11229;1;2
11230;1;17
11231;1;3
11232;1;13
11233;1;11
11234;1;10
11235;1;2
11236;1;1
11237;1;15
11238;1;9
11239;1;1
11240;1;14
11241;1;15
11242;1;3
11243;1;2
11244;1;2
11245;1;17
11246;1;1
11247;1;2
11248;1;1
11249;1;1
11250;1;1
11251;1;5
11252;1;6
11253;1;17
11254;1;2
11255;1;2
11256;1;3
11257;1;16
11258;1;36
11259;1;8
11260;1;8
11261;1;8
11262;1;36
11263;1;36
11264;1;17
11265;1;42
11266;1;13
11267;1;5
11268;1;5
11269;1;7
11270;1;4
11271;1;5
11272;1;1
11273;1;2
11274;1;1
11275;1;8
11276;1;38
11277;1;3
11278;1;3
11279;1;38
11280;1;10
11281;1;5
11282;1;1
11283;1;1
11284;1;2
11285;1;9
11286;1;2
11287;1;2
11288;1;5
11289;1;3
11290;1;1
11291;1;8
11292;1;6
11293;1;7
11294;1;11
11295;1;4
11296;1;4
11297;1;5
11298;1;8
11299;1;39
11300;1;4
11301;1;4
11302;1;18
11303;1;6
11304;1;13
11305;1;9
11306;1;2
11307;1;36
11308;1;43
11309;1;11
11310;1;3
11311;1;2
11312;1;21
11313;1;14
11314;1;36
11315;1;3
11316;1;33
11317;1;18
11318;1;1
11319;1;36
11320;1;4
11321;1;5
11322;1;3
11323;1;13
11324;1;20
11325;1;3
11326;1;7
11327;1;9
11328;1;8
11329;1;8
11330;1;1
11331;1;2
11332;1;4
11333;1;36
11334;1;4
11335;1;9
11336;1;13
11337;1;2
11338;1;10
11339;1;2
11340;1;4
11341;1;4
11342;1;16
11343;1;8
11344;1;3
11345;1;13
11346;1;8
11347;1;10
11348;1;13
11349;1;8
11350;1;13
11351;1;3
11352;1;2
11353;1;1
11354;1;5
11355;1;4
11356;1;3
11357;1;2
11358;1;3
11359;1;4
11360;1;8
11361;1;8
11362;1;3
11363;1;19
11364;1;5
11365;1;11
11366;1;6
11367;1;3
11368;1;8
11369;1;11
11370;1;13
11371;1;8
11372;1;1
11373;1;5
11374;1;38
11375;1;8
11376;1;5
11377;1;3
11378;1;5
11379;1;2
11380;1;2
11381;1;36
11382;1;8
11383;1;5
11384;1;8
11385;1;6
11386;1;3
11387;1;8
11388;1;2
11389;1;1
11390;1;36
11391;1;4
11392;1;1
11393;1;8
11394;1;1
11395;1;5
11396;1;4
11397;1;12
11398;1;3
11399;1;19
11400;1;2
11401;1;36
11402;1;1
11403;1;9
11404;1;2
11405;1;9
11406;1;5
11407;1;36
11408;1;40
11409;1;4
11410;1;5
11411;1;2
11412;1;3
11413;1;19
11414;1;1
11415;1;7
11416;1;8
11417;1;6
11418;1;36
11419;1;1
11420;1;10
11421;1;2
11422;1;10
11423;1;36
11424;1;11
11425;1;3
11426;1;8
11427;1;1
11428;1;5
11429;1;8
11430;1;4
11431;1;8
11432;1;19
11433;1;1
11434;1;36
11435;1;15
11436;1;4
11437;1;11
11438;1;3
11439;1;39
11440;1;3
11441;1;3
11442;1;4
11443;1;5
11444;1;2
11445;1;2
11446;1;2
11447;1;10
11448;1;7
11449;1;7
11450;1;36
11451;1;8
11452;1;5
11453;1;36
11454;1;7
11455;1;1
11456;1;6
11457;1;5
11458;1;7
11459;1;17
11460;1;2
11461;1;8
11462;1;1
11463;1;3
11464;1;19
11465;1;1
11466;1;3
11467;1;36
11468;1;1
11469;1;1
11470;1;2
11471;1;2
11472;1;2
11473;1;4
11474;1;1
11475;1;4
11476;1;10
11477;1;19
11478;1;19
11479;1;5
11480;1;5
11481;1;1
11482;1;4
11483;1;39
11484;1;38
11485;1;1
11486;1;7
11487;1;3
11488;1;2
11489;1;3
11490;1;5
11491;1;42
11492;1;42
11493;1;19
11494;1;2
11495;1;19
11496;1;16
11497;1;2
11498;1;2
11499;1;7
11500;1;1
11501;1;1
11502;1;12
11503;1;3
11504;1;2
11505;1;1
11506;1;12
11507;1;5
11508;1;2
11509;1;36
11510;1;2
11511;1;8
11512;1;36
11513;1;5
11514;1;10
11515;1;1
11516;1;2
11517;1;10
11518;1;4
11519;1;2
11520;1;7
11521;1;8
11522;1;4
11523;1;10
11524;1;5
11525;1;8
11526;1;5
11527;1;3
11528;1;4
11529;1;6
11530;1;36
11531;1;33
11532;1;5
11533;1;4
11534;1;38
11535;1;3
11536;1;8
11537;1;17
11538;1;10
11539;1;10
11540;1;10
11541;1;2
11542;1;3
11543;1;3
11544;1;18
11545;1;18
11546;1;36
11547;1;1
11548;1;36
11549;1;11
11550;1;2
11551;1;7
11552;1;2
11553;1;2
11554;1;18
11555;1;4
11556;1;2
11557;1;10
11558;1;8
11559;1;4
11560;1;10
11561;1;5
11562;1;4
11563;1;15
11564;1;3
11565;1;9
11566;1;5
11567;1;18
11568;1;2
11569;1;15
11570;1;4
11571;1;8
11572;1;6
11573;1;1
11574;1;7
11575;1;7
11576;1;4
11577;1;11
11578;1;5
11579;1;4
11580;1;27
11581;1;18
11582;1;1
11583;1;17
11584;1;38
11585;1;8
11586;1;10
11587;1;4
11588;1;36
11589;1;11
11590;1;36
11591;1;19
11592;1;8
11593;1;16
11594;1;2
11595;1;3
11596;1;15
11597;1;8
11598;1;9
11599;1;2
11600;1;5
11601;1;2
11602;1;2
11603;1;2
11604;1;42
11605;1;1
11606;1;8
11607;1;10
11608;1;2
11609;1;11
11610;1;19
11611;1;19
11612;1;2
11613;1;8
11614;1;2
11615;1;4
11616;1;4
11617;1;16
11618;1;4
11619;1;5
11620;1;1
11621;1;36
11622;1;11
11623;1;4
11624;1;9
11625;1;8
11626;1;13
11627;1;15
11628;1;3
11629;1;10
11630;1;5
11631;1;11
11632;1;5
11633;1;5
11634;1;3
11635;1;1
11636;1;4
11637;1;1
11638;1;36
11639;1;15
11640;1;3
11641;1;1
11642;1;4
11643;1;8
11644;1;36
11645;1;2
11646;1;1
11647;1;4
11648;1;9
11649;1;11
11650;1;5
11651;1;12
11652;1;1
11653;1;4
11654;1;1
11655;1;3
11656;1;9
11657;1;5
11658;1;36
11659;1;11
11660;1;36
11661;1;3
11662;1;11
11663;1;3
11664;1;36
11665;1;27
11666;1;10
11667;1;5
11668;1;4
11669;1;4
11670;1;1
11671;1;4
11672;1;4
11673;1;39
11674;1;11
11675;1;1
11676;1;8
11677;1;4
11678;1;5
11679;1;20
11680;1;3
11681;1;1
11682;1;1
11683;1;1
11684;1;17
11685;1;19
11686;1;4
11687;1;5
11688;1;11
11689;1;10
11690;1;2
11691;1;11
11692;1;5
11693;1;15
11694;1;4
11695;1;15
11696;1;10
11697;1;8
11698;1;11
11699;1;10
11700;1;8
11701;1;2
11702;1;3
11703;1;18
11704;1;36
11705;1;5
11706;1;40
11707;1;2
11708;1;36
11709;1;1
11710;1;2
11711;1;18
11712;1;1
11713;1;8
11714;1;7
11715;1;4
11716;1;36
11717;1;7
11718;1;3
11719;1;3
11720;1;8
11721;1;11
11722;1;36
11723;1;5
11724;1;1
11725;1;1
11726;1;3
11727;1;4
11728;1;4
11729;1;4
11730;1;4
11731;1;4
11732;1;5
11733;1;2
11734;1;5
11735;1;5
11736;1;36
11737;1;1
11738;1;4
11739;1;4
11740;1;19
11741;1;19
11742;1;2
11743;1;4
11744;1;7
11745;1;7
11746;1;5
11747;1;9
11748;1;3
11749;1;4
11750;1;8
11751;1;4
11752;1;16
11753;1;4
11754;1;8
11755;1;2
11756;1;2
11757;1;6
11758;1;3
11759;1;5
11760;1;2
11761;1;10
11762;1;36
11763;1;12
11764;1;1
11765;1;1
11766;1;2
11767;1;9
11768;1;2
11769;1;1
11770;1;2
11771;1;5
11772;1;36
11773;1;10
11774;1;2
11775;1;4
11776;1;2
11777;1;1
11778;1;9
11779;1;8
11780;1;8
11781;1;8
11782;1;2
11783;1;11
11784;1;3
11785;1;2
11786;1;1
11787;1;2
11788;1;7
11789;1;36
11790;1;2
11791;1;8
11792;1;36
11793;1;5
11794;1;4
11795;1;7
11796;1;9
11797;1;18
11798;1;11
11799;1;10
11800;1;1
11801;1;2
11802;1;13
11803;1;8
11804;1;3
11805;1;33
11806;1;6
11807;1;8
11808;1;5
11809;1;8
11810;1;1
11811;1;17
11812;1;11
11813;1;1
11814;1;8
11815;1;15
11816;1;2
11817;1;8
11818;1;36
11819;1;10
11820;1;3
11821;1;6
11822;1;2
11823;1;1
11824;1;8
11825;1;3
11826;1;10
11827;1;5
11828;1;10
11829;1;13
11830;1;13
11831;1;8
11832;1;36
11833;1;2
11834;1;27
11835;1;3
11836;1;1
11837;1;36
11838;1;8
11839;1;4
11840;1;4
11841;1;7
11842;1;7
11843;1;3
11844;1;13
11845;1;8
11846;1;2
11847;1;5
11848;1;3
11849;1;16
11850;1;3
11851;1;7
11852;1;2
11853;1;4
11854;1;2
11855;1;1
11856;1;11
11857;1;7
11858;1;1
11859;1;7
11860;1;2
11861;1;9
11862;1;13
11863;1;8
11864;1;5
11865;1;8
11866;1;4
11867;1;19
11868;1;4
11869;1;1
11870;1;4
11871;1;8
11872;1;1
11873;1;1
11874;1;19
11875;1;8
11876;1;8
11877;1;8
11878;1;4
11879;1;2
11880;1;10
11881;1;20
11882;1;2
11883;1;11
11884;1;1
11885;1;1
11886;1;8
11887;1;19
11888;1;2
11889;1;3
11890;1;8
11891;1;2
11892;1;36
11893;1;7
11894;1;11
11895;1;15
11896;1;3
11897;1;2
11898;1;7
11899;1;4
11900;1;17
11901;1;6
11902;1;2
11903;1;1
11904;1;2
11905;1;36
11906;1;15
11907;1;19
11908;1;3
11909;1;11
11910;1;3
11911;1;3
11912;1;3
11913;1;1
11914;1;4
11915;1;11
11916;1;4
11917;1;7
11918;1;39
11919;1;2
11920;1;3
11921;1;1
11922;1;15
11923;1;2
11924;1;2
11925;1;36
11926;1;1
11927;1;2
11928;1;3
11929;1;15
11930;1;13
11931;1;38
11932;1;33
11933;1;3
11934;1;11
11935;1;5
11936;1;19
11937;1;11
11938;1;7
11939;1;36
11940;1;1
11941;1;9
11942;1;7
11943;1;36
11944;1;4
11945;1;10
11946;1;1
11947;1;10
11948;1;16
11949;1;2
11950;1;4
11951;1;18
11952;1;2
11953;1;18
11954;1;11
11955;1;19
11956;1;1
11957;1;4
11958;1;36
11959;1;2
11960;1;3
11961;1;7
11962;1;5
11963;1;11
11964;1;2
11965;1;13
11966;1;8
11967;1;1
11968;1;2
11969;1;8
11970;1;38
11971;1;3
11972;1;2
11973;1;2
11974;1;16
11975;1;2
11976;1;19
11977;1;38
11978;1;5
11979;1;4
11980;1;3
11981;1;17
11982;1;8
11983;1;11
11984;1;42
11985;1;36
11986;1;36
11987;1;2
11988;1;3
11989;1;36
11990;1;7
11991;1;4
11992;1;8
11993;1;4
11994;1;11
11995;1;5
11996;1;36
11997;1;4
11998;1;8
11999;1;2
12000;1;8
12001;1;17
12002;1;13
12003;1;3
12004;1;9
12005;1;15
12006;1;19
12007;1;2
12008;1;3
12009;1;1
12010;1;3
12011;1;6
12012;1;8
12013;1;2
12014;1;6
12015;1;2
12016;1;8
12017;1;4
12018;1;43
12019;1;36
12020;1;8
12021;1;8
12022;1;5
12023;1;33
12024;1;5
12025;1;17
12026;1;7
12027;1;3
12028;1;3
12029;1;2
12030;1;5
12031;1;1
12032;1;8
12033;1;4
12034;1;36
12035;1;5
12036;1;7
12037;1;4
12038;1;1
12039;1;8
12040;1;36
12041;1;13
12042;1;2
12043;1;4
12044;1;2
12045;1;5
12046;1;8
12047;1;3
12048;1;2
12049;1;5
12050;1;7
12051;1;39
12052;1;38
12053;1;3
12054;1;8
12055;1;4
12056;1;1
12057;1;5
12058;1;1
12059;1;3
12060;1;19
12061;1;21
12062;1;8
12063;1;3
12064;1;1
12065;1;10
12066;1;4
12067;1;5
12068;1;2
12069;1;6
12070;1;19
12071;1;10
12072;1;36
12073;1;1
12074;1;4
12075;1;11
12076;1;36
12077;1;11
12078;1;19
12079;1;17
12080;1;11
12081;1;36
12082;1;11
12083;1;17
12084;1;13
12085;1;36
12086;1;17
12087;1;13
12088;1;36
12089;1;19
12090;1;13
12091;1;36
12092;1;13
12093;1;16
12094;1;36
12095;1;13
12096;1;36
12097;1;19
12098;1;7
12099;1;36
12100;1;16
12101;1;13
12102;1;36
12103;1;19
12104;1;13
12105;1;36
12106;1;36
12107;1;40
12108;1;19
12109;1;19
12110;1;36
12111;1;36
12112;1;17
12113;1;36
12114;1;19
12115;1;12
12116;1;18
12117;1;19
12118;1;33
12119;1;19
12120;1;17
12121;1;36
12122;1;19
12123;1;17
12124;1;18
12125;1;20
12126;1;36
12127;1;11
12128;1;36
12129;1;19
12130;1;19
12131;1;36
12132;1;12
12133;1;8
12134;1;12
12135;1;19
12136;1;36
12137;1;19
12138;1;19
12139;1;17
12140;1;36
12141;1;19
12142;1;4
12143;1;19
12144;1;11
12145;1;5
12146;1;36
12147;1;5
12148;1;11
12149;1;36
12150;1;8
12151;1;17
12152;1;8
12153;1;12
12154;1;11
12155;1;19
12156;1;36
12157;1;17
12158;1;10
12159;1;4
12160;1;17
12161;1;36
12162;1;5
12163;1;9
12164;1;17
12165;1;36
12166;1;17
12167;1;36
12168;1;19
12169;1;36
12170;1;17
12171;1;16
12172;1;36
12173;1;19
12174;1;36
12175;1;10
12176;1;9
12177;1;36
12178;1;17
12179;1;15
12180;1;11
12181;1;36
12182;1;12
12183;1;11
12184;1;13
12185;1;40
12186;2;36
